name,domain,country,headcount,headcount_raw,headcount_low_edge,headcount_high_edge,headcount_ambiguous,needs_domain_lookup,company_type,funding_usd,source,origin_url
Disruptive Advertising,disruptiveadvertising.com,US,,50 - 249,50,249,true,false,digital_marketing_agency,,clutch,https://clutch.co/profile/disruptive-advertising
Black Propeller,blackpropeller.com,US,,50 - 249,50,249,true,false,digital_marketing_agency,,clutch,https://clutch.co/profile/black-propeller
Silverback Strategies,silverbackstrategies.com,US,,50 - 249,50,249,true,false,digital_marketing_agency,,clutch,https://clutch.co/profile/silverback-strategies
Funnel Boost Media,funnelboostmedia.net,US,,50 - 249,50,249,true,false,digital_marketing_agency,,clutch,https://clutch.co/profile/funnel-boost-media
Accelerated Digital Media,accelerateddigitalmedia.com,US,,10 - 49,10,49,true,false,digital_marketing_agency,,clutch,https://clutch.co/profile/accelerated-digital-media
Onya,onyamark.com,US,,10 - 49,10,49,true,false,digital_marketing_agency,,clutch,https://clutch.co/profile/onya
1 At Bat Media,1atbatmedia.com,CA,,10 - 49,10,49,true,false,digital_marketing_agency,,clutch,https://clutch.co/profile/1-bat-media
Zipline B2B Marketing,ziplineb2b.com,US,,10 - 49,10,49,true,false,digital_marketing_agency,,clutch,https://clutch.co/profile/zipline-b2b-marketing
Premier Marketing,premiermarketingus.com,US,,10 - 49,10,49,true,false,digital_marketing_agency,,clutch,https://clutch.co/profile/premier-marketing
Markacy,markacy.com,US,,50 - 249,50,249,true,false,digital_marketing_agency,,clutch,https://clutch.co/profile/markacy
Interconnections,theinterconnections.com,CA,,10 - 49,10,49,true,false,digital_marketing_agency,,clutch,https://clutch.co/profile/interconnections
Geeks360,geeks360.net,US,,10 - 49,10,49,true,false,digital_marketing_agency,,clutch,https://clutch.co/profile/geeks360
Hotspex Media,hotspexmedia.com,CA,,10 - 49,10,49,true,false,digital_marketing_agency,,clutch,https://clutch.co/profile/hotspex-media
Impactable,impactable.com,US,,10 - 49,10,49,true,false,digital_marketing_agency,,clutch,https://clutch.co/profile/impactable
INPULSE Digital,inpulsedigital.com,US,,10 - 49,10,49,true,false,digital_marketing_agency,,clutch,https://clutch.co/profile/inpulse-digital
SLT Consulting (SLTC),sltconsulting.co,US,,10 - 49,10,49,true,false,digital_marketing_agency,,clutch,https://clutch.co/profile/slt-consulting-sltc
Revity Marketing Agency,gorevity.com,US,,50 - 249,50,249,true,false,digital_marketing_agency,,clutch,https://clutch.co/profile/revity-marketing-agency
Volume Nine,v9digital.com,US,,10 - 49,10,49,true,false,digital_marketing_agency,,clutch,https://clutch.co/profile/volume-nine
HawkSEM,hawksem.com,US,,50 - 249,50,249,true,false,digital_marketing_agency,,clutch,https://clutch.co/profile/hawksem
Siege Media,siegemedia.com,US,,50 - 249,50,249,true,false,digital_marketing_agency,,clutch,https://clutch.co/profile/siege-media
"DMi Partners, Inc",dmipartners.com,US,,50 - 249,50,249,true,false,digital_marketing_agency,,clutch,https://clutch.co/profile/dmi-partners
SimpleTiger LLC,simpletiger.com,US,,10 - 49,10,49,true,false,digital_marketing_agency,,clutch,https://clutch.co/profile/simpletiger-0-0
OpenMoves,openmoves.com,US,,50 - 249,50,249,true,false,digital_marketing_agency,,clutch,https://clutch.co/profile/openmoves
M3.agency,m3.agency,UK,,50 - 249,50,249,true,false,digital_marketing_agency,,clutch,https://clutch.co/profile/m3agency-0
BlueTuskr,bluetuskr.com,US,,10 - 49,10,49,true,false,digital_marketing_agency,,clutch,https://clutch.co/profile/bluetuskr
ROAST,weareroast.com,UK,,50 - 249,50,249,true,false,digital_marketing_agency,,clutch,https://clutch.co/profile/roast
Upward Engine,upwardengine.com,US,,50 - 249,50,249,true,false,digital_marketing_agency,,clutch,https://clutch.co/profile/upward-engine
Digital Nomads HQ,digitalnomadshq.com.au,AU,,10 - 49,10,49,true,false,digital_marketing_agency,,clutch,https://clutch.co/profile/digital-nomads-hq
Lilo Social,lilosocial.com,US,,10 - 49,10,49,true,false,digital_marketing_agency,,clutch,https://clutch.co/profile/lilo-social
Acadia,acadia.io,US,,50 - 249,50,249,true,false,digital_marketing_agency,,clutch,https://clutch.co/profile/acadia-0
Konstruct Digital,konstructdigital.com,CA,,10 - 49,10,49,true,false,digital_marketing_agency,,clutch,https://clutch.co/profile/konstruct-digital
Intero Digital,getresults.interodigital.com,US,,50 - 249,50,249,true,false,digital_marketing_agency,,clutch,https://clutch.co/profile/intero-digital-0
Brafton,brafton.com,US,,50 - 249,50,249,true,false,digital_marketing_agency,,clutch,https://clutch.co/profile/brafton
KlientBoost,klientboost.com,US,,50 - 249,50,249,true,false,digital_marketing_agency,,clutch,https://clutch.co/profile/klientboost
Search Engine People,searchenginepeople.com,CA,,50 - 249,50,249,true,false,digital_marketing_agency,,clutch,https://clutch.co/profile/search-engine-people
GrowthHit,growthhit.com,US,,50 - 249,50,249,true,false,digital_marketing_agency,,clutch,https://clutch.co/profile/growthhit
Absolute Digital Media,absolute.digital,UK,,10 - 49,10,49,true,false,digital_marketing_agency,,clutch,https://clutch.co/profile/absolute-digital-media
Jives Media,jivesmedia.com,US,,10 - 49,10,49,true,false,digital_marketing_agency,,clutch,https://clutch.co/profile/jives-media
Taktical Digital,taktical.co,US,,10 - 49,10,49,true,false,digital_marketing_agency,,clutch,https://clutch.co/profile/taktical-digital
Digital Position,digitalposition.com,US,,10 - 49,10,49,true,false,digital_marketing_agency,,clutch,https://clutch.co/profile/digital-position
Victorious,victorious.com,US,,50 - 249,50,249,true,false,digital_marketing_agency,,clutch,https://clutch.co/profile/victorious
Soap Media,soapmedia.co.uk,UK,,10 - 49,10,49,true,false,digital_marketing_agency,,clutch,https://clutch.co/profile/soap-media
Online Optimism,onlineoptimism.com,US,,10 - 49,10,49,true,false,digital_marketing_agency,,clutch,https://clutch.co/profile/online-optimism
Rankings.io,rankings.io,US,,50 - 249,50,249,true,false,digital_marketing_agency,,clutch,https://clutch.co/profile/rankingsio
LYFE Marketing,lyfemarketing.com,US,,10 - 49,10,49,true,false,digital_marketing_agency,,clutch,https://clutch.co/profile/lyfe-marketing
Top Growth Marketing INC,topgrowthmarketing.com,US,,10 - 49,10,49,true,false,digital_marketing_agency,,clutch,https://clutch.co/profile/top-growth-marketing
Social Media 55,socialmedia55.com,CA,,10 - 49,10,49,true,false,digital_marketing_agency,,clutch,https://clutch.co/profile/social-media-55
JumpFly,jumpfly.com,US,,50 - 249,50,249,true,false,digital_marketing_agency,,clutch,https://clutch.co/profile/jumpfly
ScaledOn,scaledon.com,US,,10 - 49,10,49,true,false,digital_marketing_agency,,clutch,https://clutch.co/profile/scaledon
Let's Get Optimized,letsgetoptimized.com,CA,,10 - 49,10,49,true,false,digital_marketing_agency,,clutch,https://clutch.co/profile/lets-get-optimized
The Media Captain,themediacaptain.com,US,,10 - 49,10,49,true,false,digital_marketing_agency,,clutch,https://clutch.co/profile/media-captain
Jax Media Team,jaxmediateam.com,US,,10 - 49,10,49,true,false,digital_marketing_agency,,clutch,https://clutch.co/profile/jax-media-team
321 Web Marketing,321webmarketing.com,US,,10 - 49,10,49,true,false,digital_marketing_agency,,clutch,https://clutch.co/profile/321-web-marketing
Searchbloom,searchbloom.com,US,,10 - 49,10,49,true,false,digital_marketing_agency,,clutch,https://clutch.co/profile/searchbloom
Moburst,lp.moburst.com,US,,50 - 249,50,249,true,false,digital_marketing_agency,,clutch,https://clutch.co/profile/moburst
SEO Brand,seobrand.com,US,,10 - 49,10,49,true,false,digital_marketing_agency,,clutch,https://clutch.co/profile/seo-brand
Favoured,favoured.co.uk,UK,,10 - 49,10,49,true,false,digital_marketing_agency,,clutch,https://clutch.co/profile/favoured
Fractl,frac.tl,US,,50 - 249,50,249,true,false,digital_marketing_agency,,clutch,https://clutch.co/profile/fractl
Chatterkick,chatterkick.com,US,,10 - 49,10,49,true,false,digital_marketing_agency,,clutch,https://clutch.co/profile/chatterkick
Galactic Fed,galacticfed.com,US,,50 - 249,50,249,true,false,digital_marketing_agency,,clutch,https://clutch.co/profile/galactic-fed
GA Agency,ga.agency,UK,,50 - 249,50,249,true,false,digital_marketing_agency,,clutch,https://clutch.co/profile/ga-agency
dNOVO - Digital Marketing & SEO Agency,dnovogroup.com,CA,,10 - 49,10,49,true,false,digital_marketing_agency,,clutch,https://clutch.co/profile/dnovo-digital-marketing-seo-agency
SIXGUN,sixgun.com.au,AU,,10 - 49,10,49,true,false,digital_marketing_agency,,clutch,https://clutch.co/profile/sixgun
Ubiquitous,ubiquitousinfluence.com,US,,10 - 49,10,49,true,false,digital_marketing_agency,,clutch,https://clutch.co/profile/ubiquitous
Razor Rank,razorrank.com,US,,50 - 249,50,249,true,false,digital_marketing_agency,,clutch,https://clutch.co/profile/razor-rank
Webtmize,webtmize.com,CA,,10 - 49,10,49,true,false,digital_marketing_agency,,clutch,https://clutch.co/profile/webtmize
AdVenture Media,adventureppc.com,US,,50 - 249,50,249,true,false,digital_marketing_agency,,clutch,https://clutch.co/profile/adventure-media-0
"PartnerCentric, Inc.",partnercentric.com,US,,10 - 49,10,49,true,false,digital_marketing_agency,,clutch,https://clutch.co/profile/partnercentric
Elevation,elevationweb.org,US,,10 - 49,10,49,true,false,digital_marketing_agency,,clutch,https://clutch.co/profile/elevation
The SEO Works,seoworks.co.uk,UK,,10 - 49,10,49,true,false,digital_marketing_agency,,clutch,https://clutch.co/profile/seo-works
"Social House, Inc.",socialhouseinc.com,US,,10 - 49,10,49,true,false,digital_marketing_agency,,clutch,https://clutch.co/profile/social-house
VIDEN Growth,videngrowth.com,US,,10 - 49,10,49,true,false,digital_marketing_agency,,clutch,https://clutch.co/profile/viden-growth
Uptown Creation,uptown.com,US,,10 - 49,10,49,true,false,digital_marketing_agency,,clutch,https://clutch.co/profile/uptown-creation
Digital Drew SEM,digitaldrewsem.com,US,,10 - 49,10,49,true,false,digital_marketing_agency,,clutch,https://clutch.co/profile/digital-drew-sem
Comrade Digital Marketing Agency,comradeweb.com,US,,50 - 249,50,249,true,false,digital_marketing_agency,,clutch,https://clutch.co/profile/comrade-digital-marketing-agency
Obility,obilityb2b.com,US,,10 - 49,10,49,true,false,digital_marketing_agency,,clutch,https://clutch.co/profile/obility
Netrocket,netrocket.pro,US,,10 - 49,10,49,true,false,digital_marketing_agency,,clutch,https://clutch.co/profile/netrocket
Coalition Technologies,coalitiontechnologies.com,US,,50 - 249,50,249,true,false,digital_marketing_agency,,clutch,https://clutch.co/profile/coalition-technologies
NextLeft,nextleft.com,US,,10 - 49,10,49,true,false,digital_marketing_agency,,clutch,https://clutch.co/profile/nextleft
Climbing Trees,climbingtrees.com,UK,,10 - 49,10,49,true,false,digital_marketing_agency,,clutch,https://clutch.co/profile/climbing-trees
MeanPug Digital,meanpug.com,US,,10 - 49,10,49,true,false,digital_marketing_agency,,clutch,https://clutch.co/profile/meanpug-digital
RSO Consulting,rso-consulting.com,US,,10 - 49,10,49,true,false,digital_marketing_agency,,clutch,https://clutch.co/profile/rso-consulting
Marcel Digital,marceldigital.com,US,,10 - 49,10,49,true,false,digital_marketing_agency,,clutch,https://clutch.co/profile/marcel-digital
Thrive Internet Marketing Agency,thriveagency.com,US,,50 - 249,50,249,true,false,digital_marketing_agency,,clutch,https://clutch.co/profile/thrive-internet-marketing-agency
Cazbah,cazbah.net,US,,10 - 49,10,49,true,false,digital_marketing_agency,,clutch,https://clutch.co/profile/cazbah-0
Impressive Digital Agency,impressive.com.au,AU,,50 - 249,50,249,true,false,digital_marketing_agency,,clutch,https://clutch.co/profile/impressive-digital-agency
VisualFizz,visualfizz.com,US,,10 - 49,10,49,true,false,digital_marketing_agency,,clutch,https://clutch.co/profile/visualfizz
Intesols,intesols.com.au,AU,,50 - 249,50,249,true,false,digital_marketing_agency,,clutch,https://clutch.co/profile/intesols
Out Origin,outorigin.com,CA,,10 - 49,10,49,true,false,digital_marketing_agency,,clutch,https://clutch.co/profile/out-origin-0
Longhouse Branding & Marketing,longhouse.co,CA,,10 - 49,10,49,true,false,digital_marketing_agency,,clutch,https://clutch.co/profile/longhouse-branding-marketing
Search + Gather,searchandgather.co,CA,,10 - 49,10,49,true,false,digital_marketing_agency,,clutch,https://clutch.co/profile/search-gather
Outpace SEO,outpaceseo.com,US,,10 - 49,10,49,true,false,digital_marketing_agency,,clutch,https://clutch.co/profile/outpace-seo
Propeller,propeller.co.uk,UK,,50 - 249,50,249,true,false,digital_marketing_agency,,clutch,https://clutch.co/profile/propeller
Fresh Content Society,freshcontentsociety.com,US,,10 - 49,10,49,true,false,digital_marketing_agency,,clutch,https://clutch.co/profile/fresh-content-society
"Olifant Digital: Full-Service Amazon Agency for PPC, SEO & Account Management",olifantdigital.com,US,,10 - 49,10,49,true,false,digital_marketing_agency,,clutch,https://clutch.co/profile/olifant-digital-full-service-amazon-agency-ppc-seo-account-management
GLIDE®,glidedesign.com,US,,10 - 49,10,49,true,false,digital_marketing_agency,,clutch,https://clutch.co/profile/glide
Taikun Digital,taikundigital.com,US,,10 - 49,10,49,true,false,digital_marketing_agency,,clutch,https://clutch.co/profile/taikun-digital
VOLTAGE,voltage.digital,US,,10 - 49,10,49,true,false,digital_marketing_agency,,clutch,https://clutch.co/profile/voltage-0
Sure Oak,sureoak.com,US,,10 - 49,10,49,true,false,digital_marketing_agency,,clutch,https://clutch.co/profile/sure-oak
Pico Digital Marketing,choosepico.com,US,,10 - 49,10,49,true,false,digital_marketing_agency,,clutch,https://clutch.co/profile/pico-digital-marketing
e intelligence,eintelligenceweb.com,UK,,10 - 49,10,49,true,false,digital_marketing_agency,,clutch,https://clutch.co/profile/e-intelligence
"New Target, Inc. - The Digital Agency",newtarget.com,US,,50 - 249,50,249,true,false,digital_marketing_agency,,clutch,https://clutch.co/profile/new-target-digital-agency
Blacksmith Agency,blacksmith.agency,US,,10 - 49,10,49,true,false,digital_marketing_agency,,clutch,https://clutch.co/profile/blacksmith-agency
ATRIUM,atriumdigital.com,CA,,10 - 49,10,49,true,false,digital_marketing_agency,,clutch,https://clutch.co/profile/atrium-1
Scalero,scalero.io,US,,10 - 49,10,49,true,false,digital_marketing_agency,,clutch,https://clutch.co/profile/scalero-0
LAB Digital Creative,labdigitalcreative.com,US,,10 - 49,10,49,true,false,digital_marketing_agency,,clutch,https://clutch.co/profile/lab-digital-creative
Amazon Growth Lab,amazongrowthlab.com,US,,50 - 249,50,249,true,false,digital_marketing_agency,,clutch,https://clutch.co/profile/amazon-growth-lab
ATRA,atradigital.com,US,,10 - 49,10,49,true,false,digital_marketing_agency,,clutch,https://clutch.co/profile/atra
YEG Digital,yegdigital.com,CA,,10 - 49,10,49,true,false,digital_marketing_agency,,clutch,https://clutch.co/profile/yeg-digital
Orbit Media Studios,orbitmedia.com,US,,50 - 249,50,249,true,false,digital_marketing_agency,,clutch,https://clutch.co/profile/orbit-media-studios
"Inbox Army, LLC",inboxarmy.com,US,,50 - 249,50,249,true,false,digital_marketing_agency,,clutch,https://clutch.co/profile/inbox-army
CTI Digital,ctidigital.com,UK,,50 - 249,50,249,true,false,digital_marketing_agency,,clutch,https://clutch.co/profile/cti-digital
Bird Marketing,bird.marketing,UK,,10 - 49,10,49,true,false,digital_marketing_agency,,clutch,https://clutch.co/profile/bird-marketing
Sociallyin,sociallyin.com,US,,50 - 249,50,249,true,false,digital_marketing_agency,,clutch,https://clutch.co/profile/sociallyin
CrunchGrowth Revenue Acceleration Agency,crunchgrowth.com,US,,10 - 49,10,49,true,false,digital_marketing_agency,,clutch,https://clutch.co/profile/crunchgrowth-revenue-acceleration-agency
"Ready Artwork - Website, Design, Marketing",readyartwork.com,US,,10 - 49,10,49,true,false,digital_marketing_agency,,clutch,https://clutch.co/profile/ready-artwork-website-design-marketing
HireInfluence,hireinfluence.com,US,,10 - 49,10,49,true,false,digital_marketing_agency,,clutch,https://clutch.co/profile/hireinfluence
Collective42,collective42.com,US,,10 - 49,10,49,true,false,digital_marketing_agency,,clutch,https://clutch.co/profile/collective42
Breakline,breaklineagency.com,UK,,50 - 249,50,249,true,false,digital_marketing_agency,,clutch,https://clutch.co/profile/breakline
Group 8A,group8a.com,US,,10 - 49,10,49,true,false,digital_marketing_agency,,clutch,https://clutch.co/profile/group-8a
Gatorworks,gatorworks.net,US,,10 - 49,10,49,true,false,digital_marketing_agency,,clutch,https://clutch.co/profile/gatorworks
RiseUp® Agency,globalsearchmarketing.co.uk,UK,,10 - 49,10,49,true,false,digital_marketing_agency,,clutch,https://clutch.co/profile/riseup-agency
Agency Jet,agencyjet.com,US,,10 - 49,10,49,true,false,digital_marketing_agency,,clutch,https://clutch.co/profile/agency-jet
Mattered,mattered.com,US,,10 - 49,10,49,true,false,digital_marketing_agency,,clutch,https://clutch.co/profile/mattered
Storm Brain,stormbrain.com,US,,50 - 249,50,249,true,false,digital_marketing_agency,,clutch,https://clutch.co/profile/storm-brain
Algofy,algofy.com,US,,10 - 49,10,49,true,false,digital_marketing_agency,,clutch,https://clutch.co/profile/algofy
Savage Global Marketing,savageglobalmarketing.com,US,,10 - 49,10,49,true,false,digital_marketing_agency,,clutch,https://clutch.co/profile/savage-global-marketing
Flowium,flowium.com,US,,50 - 249,50,249,true,false,digital_marketing_agency,,clutch,https://clutch.co/profile/flowium
Opace Digital Agency,opace.agency,UK,,10 - 49,10,49,true,false,digital_marketing_agency,,clutch,https://clutch.co/profile/opace-digital-agency
DSM,thedsmgroup.com,US,,10 - 49,10,49,true,false,digital_marketing_agency,,clutch,https://clutch.co/profile/dsm
Nativz,nativz.io,US,,10 - 49,10,49,true,false,digital_marketing_agency,,clutch,https://clutch.co/profile/nativz-0
Perrill,perrill.com,US,,10 - 49,10,49,true,false,digital_marketing_agency,,clutch,https://clutch.co/profile/perrill
Gregory,gregoryagency.com,US,,50 - 249,50,249,true,false,digital_marketing_agency,,clutch,https://clutch.co/profile/gregory
Yodel Mobile,yodelmobile.com,UK,,10 - 49,10,49,true,false,digital_marketing_agency,,clutch,https://clutch.co/profile/yodel-mobile
Volterra,volterradigital.com,CA,,10 - 49,10,49,true,false,digital_marketing_agency,,clutch,https://clutch.co/profile/volterra
GrowMyAds.com,growmyads.com,US,,10 - 49,10,49,true,false,digital_marketing_agency,,clutch,https://clutch.co/profile/growmyadscom
farsiight,farsiight.com,AU,,10 - 49,10,49,true,false,digital_marketing_agency,,clutch,https://clutch.co/profile/farsiight
Grow Law,growlaw.co,US,,50 - 249,50,249,true,false,digital_marketing_agency,,clutch,https://clutch.co/profile/grow-law
LawRank,lawrank.com,US,,50 - 249,50,249,true,false,digital_marketing_agency,,clutch,https://clutch.co/profile/lawrank
Salt & Fuessel,saltandfuessel.com.au,AU,,10 - 49,10,49,true,false,digital_marketing_agency,,clutch,https://clutch.co/profile/salt-fuessel
Emote Digital,emotedigital.com.au,AU,,10 - 49,10,49,true,false,digital_marketing_agency,,clutch,https://clutch.co/profile/emote-digital
Bop Design,bopdesign.com,US,,10 - 49,10,49,true,false,digital_marketing_agency,,clutch,https://clutch.co/profile/bop-design
Three29,three29.com,US,,10 - 49,10,49,true,false,digital_marketing_agency,,clutch,https://clutch.co/profile/three29
7 Wonders Cinema,7wonders.com,US,,10 - 49,10,49,true,false,digital_marketing_agency,,clutch,https://clutch.co/profile/7-wonders-cinema
Idea Grove,ideagrove.com,US,,10 - 49,10,49,true,false,digital_marketing_agency,,clutch,https://clutch.co/profile/idea-grove
NetReputation,netreputation.com,US,,50 - 249,50,249,true,false,digital_marketing_agency,,clutch,https://clutch.co/profile/netreputation
Prohibition,prohibitionpr.co.uk,UK,,10 - 49,10,49,true,false,digital_marketing_agency,,clutch,https://clutch.co/profile/prohibition
Cleartail Marketing,cleartailmarketing.com,US,,10 - 49,10,49,true,false,digital_marketing_agency,,clutch,https://clutch.co/profile/cleartail-marketing
Human Digital,humandigital.com,AU,,10 - 49,10,49,true,false,digital_marketing_agency,,clutch,https://clutch.co/profile/human-digital
Belkins,belkins.io,US,,50 - 249,50,249,true,false,digital_marketing_agency,,clutch,https://clutch.co/profile/belkins
Launch Online,launchonline.co.uk,UK,,10 - 49,10,49,true,false,digital_marketing_agency,,clutch,https://clutch.co/profile/launch-online
DMT Business Development,dmtcorp.io,CA,,50 - 249,50,249,true,false,digital_marketing_agency,,clutch,https://clutch.co/profile/dmt-business-development
Page Zero Media,pagezero.com,CA,,10 - 49,10,49,true,false,digital_marketing_agency,,clutch,https://clutch.co/profile/page-zero-media
Ikon Digital Media,ikondigitalmedia.com,US,,10 - 49,10,49,true,false,digital_marketing_agency,,clutch,https://clutch.co/profile/ikon-digital-media
SalesAR,salesar.io,UK,,50 - 249,50,249,true,false,digital_marketing_agency,,clutch,https://clutch.co/profile/salesar
Anchour,anchour.com,US,,10 - 49,10,49,true,false,digital_marketing_agency,,clutch,https://clutch.co/profile/anchour
efelle creative,seattlewebdesign.com,US,,10 - 49,10,49,true,false,digital_marketing_agency,,clutch,https://clutch.co/profile/efelle-creative
PopArt Studio,popwebdesign.net,US,,50 - 249,50,249,true,false,digital_marketing_agency,,clutch,https://clutch.co/profile/popart-studio
thunder::tech,thundertech.com,US,,50 - 249,50,249,true,false,digital_marketing_agency,,clutch,https://clutch.co/profile/thundertech
Stellar SEO,stellarseo.com,US,,10 - 49,10,49,true,false,digital_marketing_agency,,clutch,https://clutch.co/profile/stellar-seo
AdTribe,adtribe.com,CA,,10 - 49,10,49,true,false,digital_marketing_agency,,clutch,https://clutch.co/profile/adtribe
Adverio - Growth Optimizers,adverio.io,US,,10 - 49,10,49,true,false,digital_marketing_agency,,clutch,https://clutch.co/profile/adverio-growth-optimizers
SEO Team Toronto,seoteamtoronto.ca,CA,,10 - 49,10,49,true,false,digital_marketing_agency,,clutch,https://clutch.co/profile/seo-team-toronto
LevelUp Leads,levelupleads.io,US,,50 - 249,50,249,true,false,digital_marketing_agency,,clutch,https://clutch.co/profile/levelup-leads
Leadium,leadium.com,US,,50 - 249,50,249,true,false,digital_marketing_agency,,clutch,https://clutch.co/profile/leadium
SalesRoads,salesroads.com,US,,50 - 249,50,249,true,false,lead_gen_agency,,clutch,https://clutch.co/profile/salesroads
Clarify,clarifyb2b.com,UK,,50 - 249,50,249,true,false,lead_gen_agency,,clutch,https://clutch.co/profile/clarify
TeleNet Marketing Solutions,telenetmarketing.com,US,,50 - 249,50,249,true,false,lead_gen_agency,,clutch,https://clutch.co/profile/telenet-marketing-solutions
JMS Elite,jmselite.com,US,,10 - 49,10,49,true,false,lead_gen_agency,,clutch,https://clutch.co/profile/jms-elite
SalesPro Leads,salesproleads.com,US,,10 - 49,10,49,true,false,lead_gen_agency,,clutch,https://clutch.co/profile/salespro-leads
Virtual Sales Limited,virtual-sales.com,UK,,10 - 49,10,49,true,false,lead_gen_agency,,clutch,https://clutch.co/profile/virtual-sales
Wing Assistant,wingassistant.com,US,,50 - 249,50,249,true,false,lead_gen_agency,,clutch,https://clutch.co/profile/wing-assistant
Set2Close,action.set2close.io,CA,,10 - 49,10,49,true,false,lead_gen_agency,,clutch,https://clutch.co/profile/set2close
Purple Sales,mypurplesales.com,CA,,10 - 49,10,49,true,false,lead_gen_agency,,clutch,https://clutch.co/profile/purple-sales
Specialty Answering Service,specialtyansweringservice.net,US,,10 - 49,10,49,true,false,lead_gen_agency,,clutch,https://clutch.co/profile/specialty-answering-service
Paragon Sales Solutions,paragonsalessolutions.co.uk,UK,,10 - 49,10,49,true,false,lead_gen_agency,,clutch,https://clutch.co/profile/paragon-sales-solutions
Ver-A-Fast,verafast.com,US,,50 - 249,50,249,true,false,lead_gen_agency,,clutch,https://clutch.co/profile/ver-fast
Crowd Box Pty Ltd,crowdbox.com.au,AU,,10 - 49,10,49,true,false,lead_gen_agency,,clutch,https://clutch.co/profile/crowd-box-pty
Social Bloom,socialbloom.io,US,,10 - 49,10,49,true,false,lead_gen_agency,,clutch,https://clutch.co/profile/social-bloom
Cleverly,cleverly.co,US,,10 - 49,10,49,true,false,lead_gen_agency,,clutch,https://clutch.co/profile/cleverly
GenSales,gensales.com,US,,50 - 249,50,249,true,false,lead_gen_agency,,clutch,https://clutch.co/profile/gensales
Strategic Sales & Marketing,manageyourleads.com,US,,50 - 249,50,249,true,false,lead_gen_agency,,clutch,https://clutch.co/profile/strategic-sales-marketing
GLO,generateleads.online,UK,,10 - 49,10,49,true,false,lead_gen_agency,,clutch,https://clutch.co/profile/glo-0
ContactWorks,contactworks.biz,US,,50 - 249,50,249,true,false,lead_gen_agency,,clutch,https://clutch.co/profile/contactworks
Hit Rate Solutions,hitratesolutions.com,US,,50 - 249,50,249,true,false,lead_gen_agency,,clutch,https://clutch.co/profile/hit-rate-solutions
Funnel Bakers,funnelbakers.com,US,,10 - 49,10,49,true,false,lead_gen_agency,,clutch,https://clutch.co/profile/funnel-bakers
DemandZEN,demandzen.com,US,,50 - 249,50,249,true,false,lead_gen_agency,,clutch,https://clutch.co/profile/demandzen
Moneypenny USA,voicenation.com,US,,50 - 249,50,249,true,false,lead_gen_agency,,clutch,https://clutch.co/profile/moneypenny-usa
Illicium,illicium.com.au,AU,,10 - 49,10,49,true,false,lead_gen_agency,,clutch,https://clutch.co/profile/illicium
Cloud Sourcing,cloudsourcing.com,US,,10 - 49,10,49,true,false,lead_gen_agency,,clutch,https://clutch.co/profile/cloud-sourcing
Inside Sales Solutions,isaless.com,US,,50 - 249,50,249,true,false,lead_gen_agency,,clutch,https://clutch.co/profile/inside-sales-solutions
IdeasUnlimited,ideasunlimitedonline.com,US,,50 - 249,50,249,true,false,lead_gen_agency,,clutch,https://clutch.co/profile/ideasunlimited
Growleads,growleads.io,US,,10 - 49,10,49,true,false,lead_gen_agency,,clutch,https://clutch.co/profile/growleads
Scalemill,scalemill.com,US,,50 - 249,50,249,true,false,lead_gen_agency,,clutch,https://clutch.co/profile/scalemill
Answering Service Care,answeringservicecare.com,US,,50 - 249,50,249,true,false,lead_gen_agency,,clutch,https://clutch.co/profile/answering-service-care
Lead Generation Hubs,leadgenhubs.com,US,,10 - 49,10,49,true,false,lead_gen_agency,,clutch,https://clutch.co/profile/lead-generation-hubs
Brandwoven - Leading Amazon Agency for Premium Brands,gobrandwoven.com,US,,10 - 49,10,49,true,false,sales_consulting,,clutch,https://clutch.co/profile/brandwoven-leading-amazon-agency-premium-brands
Lead Express,leadexpress.com.au,AU,,10 - 49,10,49,true,false,sales_consulting,,clutch,https://clutch.co/profile/lead-express-0
Agave,useagave.com,US,11,11-50,11,50,false,false,b2b_saas,18400000,crunchbase,https://www.crunchbase.com/organization/agave-api
TEDCO,tedcomd.com,US,,101-250,101,250,true,false,sales_consulting,9440000,crunchbase,https://www.crunchbase.com/organization/maryland-technology-development-corporation
Blaze.tech,blaze.tech,US,11,11-50,11,50,false,false,b2b_saas,9250000,crunchbase,https://www.crunchbase.com/organization/blaze-00dd
Samsara BioCapital,samsaracap.com,US,11,11-50,11,50,false,false,sales_consulting,,crunchbase,https://www.crunchbase.com/organization/samsara-biocapital
Momentum,momentum.io,US,51,51-100,51,100,false,false,b2b_saas,18000000,crunchbase,https://www.crunchbase.com/organization/momentum-f2e6
WealthReach,wealthreach.ai,US,11,11-50,11,50,false,false,lead_gen_agency,1000000,crunchbase,https://www.crunchbase.com/organization/wealthreach
Dimension Studios,dimensionstudios.co,US,11,11-50,11,50,false,false,digital_marketing_agency,3200000,crunchbase,https://www.crunchbase.com/organization/dimension-studios
InfiniG,infinig.io,US,11,11-50,11,50,false,false,b2b_saas,5200000,crunchbase,https://www.crunchbase.com/organization/infinig
Matrix,matrix.vc,US,11,11-50,11,50,false,false,b2b_saas,,crunchbase,https://www.crunchbase.com/organization/matrix-partners
Platinum Equity,platinumequity.com,US,,101-250,101,250,true,false,sales_consulting,,crunchbase,https://www.crunchbase.com/organization/platinum-equity
Zeely,zeely.app,US,11,11-50,11,50,false,false,digital_marketing_agency,2343000,crunchbase,https://www.crunchbase.com/organization/zeely
Constant,constant.ai,US,11,11-50,11,50,false,false,b2b_saas,6675000,crunchbase,https://www.crunchbase.com/organization/constant-ai
RadioPharm Theranostics,radiopharmtheranostics.com,AU,11,11-50,11,50,false,false,sales_consulting,19968352,crunchbase,https://www.crunchbase.com/organization/radiopharm-theranostics
Transient.AI,transient.ai,US,11,11-50,11,50,false,false,b2b_saas,9999976,crunchbase,https://www.crunchbase.com/organization/transient-ai
GrowthLoop,growthloop.com,US,51,51-100,51,100,false,false,digital_marketing_agency,6000000,crunchbase,https://www.crunchbase.com/organization/growthloop
Solstice,solstice.us,US,11,11-50,11,50,false,false,b2b_saas,4800000,crunchbase,https://www.crunchbase.com/organization/solstice-2
Strada,getstrada.com,US,11,11-50,11,50,false,false,b2b_saas,4750000,crunchbase,https://www.crunchbase.com/organization/strada-d62c
Hatch,usehatchapp.com,US,,101-250,101,250,true,false,digital_marketing_agency,13654836,crunchbase,https://www.crunchbase.com/organization/hatch-0729
Clinch,clinch.co,US,,101-250,101,250,true,false,digital_marketing_agency,16950000,crunchbase,https://www.crunchbase.com/organization/clinch
Lexful,lexful.ai,US,11,11-50,11,50,false,false,b2b_saas,7000000,crunchbase,https://www.crunchbase.com/organization/lexful
Pump,pump.co,US,51,51-100,51,100,false,false,b2b_saas,4500000,crunchbase,https://www.crunchbase.com/organization/pump-b398
Veriten,veriten.com,US,11,11-50,11,50,false,false,sales_consulting,,crunchbase,https://www.crunchbase.com/organization/veriten
Adelaide,adelaidemetrics.com,US,51,51-100,51,100,false,false,digital_marketing_agency,13589696,crunchbase,https://www.crunchbase.com/organization/adelaide
LeanDNA,leandna.com,US,51,51-100,51,100,false,false,b2b_saas,19500000,crunchbase,https://www.crunchbase.com/organization/leandna
InOrbit,inorbit.ai,US,11,11-50,11,50,false,false,b2b_saas,13487000,crunchbase,https://www.crunchbase.com/organization/inorbit
CREWASIS,crewasis.ai,US,11,11-50,11,50,false,false,digital_marketing_agency,120000,crunchbase,https://www.crunchbase.com/organization/crewasis
ReUp Education,reupeducation.com,US,,101-250,101,250,true,false,sales_consulting,14103442,crunchbase,https://www.crunchbase.com/organization/reupeducation
Dragonfly Technology Limited,askdragonfly.com,UK,11,11-50,11,50,false,false,b2b_saas,4385703,crunchbase,https://www.crunchbase.com/organization/dragonfly-technology-limited
Barndoor AI,barndoor.ai,US,11,11-50,11,50,false,false,b2b_saas,13600000,crunchbase,https://www.crunchbase.com/organization/barndoor-ai
Fundamental,fundamental.com,US,11,11-50,11,50,false,false,sales_consulting,,crunchbase,https://www.crunchbase.com/organization/fundamental
Popl,popl.co,US,,101-250,101,250,true,false,b2b_saas,2375000,crunchbase,https://www.crunchbase.com/organization/popl
emberos,emberos.ai,US,11,11-50,11,50,false,false,digital_marketing_agency,6700000,crunchbase,https://www.crunchbase.com/organization/emberos
Rohirrim,rohirrim.ai,US,11,11-50,11,50,false,false,b2b_saas,17650000,crunchbase,https://www.crunchbase.com/organization/rohirrim
MEXT,mext.ai,US,11,11-50,11,50,false,false,b2b_saas,10586955,crunchbase,https://www.crunchbase.com/organization/mext-ai
Mundial Media,mundialmedia.com,US,11,11-50,11,50,false,false,digital_marketing_agency,3500000,crunchbase,https://www.crunchbase.com/organization/mundial-media
Artie,artie.com,US,11,11-50,11,50,false,false,b2b_saas,18850968,crunchbase,https://www.crunchbase.com/organization/artie-a438
Billables AI,billables.ai,US,11,11-50,11,50,false,false,sales_consulting,14100000,crunchbase,https://www.crunchbase.com/organization/billables-ai
Clockwork AI,clockwork.ai,US,11,11-50,11,50,false,false,b2b_saas,5549991,crunchbase,https://www.crunchbase.com/organization/clockwork-b844
ARwall,arwall.co,US,11,11-50,11,50,false,false,sales_consulting,2980000,crunchbase,https://www.crunchbase.com/organization/arwall
Tamarind Bio,tamarind.bio,US,11,11-50,11,50,false,false,b2b_saas,13600000,crunchbase,https://www.crunchbase.com/organization/tamarind-bio
Spoiler Alert,spoileralert.com,US,11,11-50,11,50,false,false,b2b_saas,16168000,crunchbase,https://www.crunchbase.com/organization/spoileralert
Join,join.build,US,11,11-50,11,50,false,false,b2b_saas,20000000,crunchbase,https://www.crunchbase.com/organization/join
Gataca,gataca.io,US,11,11-50,11,50,false,false,b2b_saas,1416036,crunchbase,https://www.crunchbase.com/organization/gataca-4a8f
TESS,tess.us,US,11,11-50,11,50,false,false,b2b_saas,4872914,crunchbase,https://www.crunchbase.com/organization/pareto-group
Chariot,givechariot.com,US,11,11-50,11,50,false,false,b2b_saas,15000000,crunchbase,https://www.crunchbase.com/organization/chariot-7772
Brellium,brellium.com,US,11,11-50,11,50,false,false,b2b_saas,16700000,crunchbase,https://www.crunchbase.com/organization/brellium
Medsender,medsender.com,US,11,11-50,11,50,false,false,b2b_saas,5000000,crunchbase,https://www.crunchbase.com/organization/medsender
Sequel.io,sequel.io,US,11,11-50,11,50,false,false,digital_marketing_agency,10700000,crunchbase,https://www.crunchbase.com/organization/introvoke
Checkboard,checkboard.com,UK,11,11-50,11,50,false,false,b2b_saas,9896428,crunchbase,https://www.crunchbase.com/organization/cubiclease
Endear,endearhq.com,US,11,11-50,11,50,false,false,digital_marketing_agency,9239966,crunchbase,https://www.crunchbase.com/organization/endear
1VALET,1valet.com,CA,51,51-100,51,100,false,false,b2b_saas,20000000,crunchbase,https://www.crunchbase.com/organization/1valet
Evo Security,evosecurity.com,US,11,11-50,11,50,false,false,b2b_saas,16350435,crunchbase,https://www.crunchbase.com/organization/evo-security
Lovart,lovart.ai,US,,101-250,101,250,true,false,b2b_saas,16459264,crunchbase,https://www.crunchbase.com/organization/lovart
GrowthFactor,growthfactor.ai,US,11,11-50,11,50,false,false,b2b_saas,5200000,crunchbase,https://www.crunchbase.com/organization/growthfactor-c17a
Nectir,nectir.io,US,11,11-50,11,50,false,false,b2b_saas,18760000,crunchbase,https://www.crunchbase.com/organization/nectir-de37
FiveRings Marketing,,CA,,10 - 49,10,49,true,true,lead_gen_agency,,clutch,https://clutch.co/profile/fiverings-marketing
The Sales Factory,,CA,,50 - 249,50,249,true,true,lead_gen_agency,,clutch,https://clutch.co/profile/sales-factory
Launch Leads,,US,,50 - 249,50,249,true,true,lead_gen_agency,,clutch,https://clutch.co/profile/launch-leads
Constructur,,US,,10 - 49,10,49,true,true,lead_gen_agency,,clutch,https://clutch.co/profile/constructur
Atlantic Growth Solutions,,CA,,10 - 49,10,49,true,true,lead_gen_agency,,clutch,https://clutch.co/profile/atlantic-growth-solutions
Acquirent,,US,,50 - 249,50,249,true,true,lead_gen_agency,,clutch,https://clutch.co/profile/acquirent
Excelerate360 Ltd,,UK,,50 - 249,50,249,true,true,lead_gen_agency,,clutch,https://clutch.co/profile/excelerate360
Verbatim Virtual Receptionists,,UK,,10 - 49,10,49,true,true,lead_gen_agency,,clutch,https://clutch.co/profile/verbatim-virtual-receptionists
Clever Digital Marketing,,CA,,10 - 49,10,49,true,true,lead_gen_agency,,clutch,https://clutch.co/profile/clever-digital-marketing
Abacus Cambridge Partners,,UK,,50 - 249,50,249,true,true,lead_gen_agency,,clutch,https://clutch.co/profile/abacus-cambridge-partners
MoreMeetings.com,,US,,10 - 49,10,49,true,true,lead_gen_agency,,clutch,https://clutch.co/profile/moremeetingscom
CrewBloom,,US,,50 - 249,50,249,true,true,lead_gen_agency,,clutch,https://clutch.co/profile/crewbloom
Franchise Marketing Systems,,US,,10 - 49,10,49,true,true,lead_gen_agency,,clutch,https://clutch.co/profile/franchise-marketing-systems
"FlyTech, Inc.",,US,,10 - 49,10,49,true,true,lead_gen_agency,,clutch,https://clutch.co/profile/flytech
Answering Legal,,US,,50 - 249,50,249,true,true,lead_gen_agency,,clutch,https://clutch.co/profile/answering-legal
eCoast Marketing,,US,,50 - 249,50,249,true,true,lead_gen_agency,,clutch,https://clutch.co/profile/ecoast-marketing
The Sound Pipe Media,,UK,,10 - 49,10,49,true,true,lead_gen_agency,,clutch,https://clutch.co/profile/sound-pipe-media
Start Up And Fly Inc.,,US,,50 - 249,50,249,true,true,lead_gen_agency,,clutch,https://clutch.co/profile/start-fly
Ministry of Innovation,,UK,,10 - 49,10,49,true,true,lead_gen_agency,,clutch,https://clutch.co/profile/ministry-innovation
Superhuman Prospecting,,US,,10 - 49,10,49,true,true,lead_gen_agency,,clutch,https://clutch.co/profile/superhuman-prospecting
"Telecom, Inc.",,US,,50 - 249,50,249,true,true,lead_gen_agency,,clutch,https://clutch.co/profile/telecom
Intelus Agency,,US,,10 - 49,10,49,true,true,lead_gen_agency,,clutch,https://clutch.co/profile/intelus-agency
BitWide,,CA,,10 - 49,10,49,true,true,lead_gen_agency,,clutch,https://clutch.co/profile/bitwide
Rising Tides,,US,,10 - 49,10,49,true,true,lead_gen_agency,,clutch,https://clutch.co/profile/rising-tides
Caret,,US,,10 - 49,10,49,true,true,lead_gen_agency,,clutch,https://clutch.co/profile/caret
Sopro,,UK,,50 - 249,50,249,true,true,lead_gen_agency,,clutch,https://clutch.co/profile/sopro
TeleContact Resource Services,,US,,50 - 249,50,249,true,true,lead_gen_agency,,clutch,https://clutch.co/profile/telecontact-resource-services
Staffwiz LLC,,US,,10 - 49,10,49,true,true,lead_gen_agency,,clutch,https://clutch.co/profile/staffwiz
Flowd,,UK,,10 - 49,10,49,true,true,lead_gen_agency,,clutch,https://clutch.co/profile/flowd-0
Pointer Strategy,,AU,,10 - 49,10,49,true,true,lead_gen_agency,,clutch,https://clutch.co/profile/pointer-strategy
AnswerLive,,US,,50 - 249,50,249,true,true,lead_gen_agency,,clutch,https://clutch.co/profile/answerlive
Xync Inc.,,US,,50 - 249,50,249,true,true,lead_gen_agency,,clutch,https://clutch.co/profile/xync
Hyre,,US,,50 - 249,50,249,true,true,lead_gen_agency,,clutch,https://clutch.co/profile/hyre
Outbound System,,US,,10 - 49,10,49,true,true,lead_gen_agency,,clutch,https://clutch.co/profile/outbound-system
incite,,UK,,10 - 49,10,49,true,true,lead_gen_agency,,clutch,https://clutch.co/profile/incite-1
RevOps Finder,,UK,,10 - 49,10,49,true,true,lead_gen_agency,,clutch,https://clutch.co/profile/revops-finder
BOS Digital,,US,,10 - 49,10,49,true,true,lead_gen_agency,,clutch,https://clutch.co/profile/bos-digital
Green Leads LLC,,US,,10 - 49,10,49,true,true,lead_gen_agency,,clutch,https://clutch.co/profile/green-leads
AI bees,,US,,50 - 249,50,249,true,true,lead_gen_agency,,clutch,https://clutch.co/profile/ai-bees
Demand Inc.,,US,,50 - 249,50,249,true,true,lead_gen_agency,,clutch,https://clutch.co/profile/demand
Done For You Meetings,,US,,10 - 49,10,49,true,true,lead_gen_agency,,clutch,https://clutch.co/profile/done-you-meetings
LeadSquad,,US,,10 - 49,10,49,true,true,lead_gen_agency,,clutch,https://clutch.co/profile/leadsquad
PCN - Professional Communications Network,,US,,10 - 49,10,49,true,true,lead_gen_agency,,clutch,https://clutch.co/profile/pcn-professional-communications-network
Zero Risk Growth,,US,,10 - 49,10,49,true,true,lead_gen_agency,,clutch,https://clutch.co/profile/zero-risk-growth-0
Curral,,UK,,10 - 49,10,49,true,true,lead_gen_agency,,clutch,https://clutch.co/profile/curral
B2B Only,,US,,10 - 49,10,49,true,true,lead_gen_agency,,clutch,https://clutch.co/profile/b2b-only
Revenue Accelerator,,US,,10 - 49,10,49,true,true,lead_gen_agency,,clutch,https://clutch.co/profile/revenue-accelerator
DRolls & Associates,,US,,50 - 249,50,249,true,true,lead_gen_agency,,clutch,https://clutch.co/profile/drolls-associates
LeadsPanda,,US,,10 - 49,10,49,true,true,lead_gen_agency,,clutch,https://clutch.co/profile/leadspanda
Boomsourcing,,US,,50 - 249,50,249,true,true,lead_gen_agency,,clutch,https://clutch.co/profile/boomsourcing
AMBI,,US,,10 - 49,10,49,true,true,lead_gen_agency,,clutch,https://clutch.co/profile/ambi
Getsally,,US,,10 - 49,10,49,true,true,lead_gen_agency,,clutch,https://clutch.co/profile/getsally
Second Voice,,UK,,10 - 49,10,49,true,true,lead_gen_agency,,clutch,https://clutch.co/profile/second-voice
CloudTask,,US,,10 - 49,10,49,true,true,lead_gen_agency,,clutch,https://clutch.co/profile/cloudtask
Salesdeck,,AU,,10 - 49,10,49,true,true,lead_gen_agency,,clutch,https://clutch.co/profile/salesdeck
Sitetrail LLC,,US,,10 - 49,10,49,true,true,lead_gen_agency,,clutch,https://clutch.co/profile/sitetrail
24H Virtual,,CA,,50 - 249,50,249,true,true,sales_consulting,,clutch,https://clutch.co/profile/24h-virtual
NANOBOT Group,,US,,10 - 49,10,49,true,true,sales_consulting,,clutch,https://clutch.co/profile/nanobot-group
Westpark Communications,,US,,50 - 249,50,249,true,true,sales_consulting,,clutch,https://clutch.co/profile/westpark-communications
Bungee (formerly Direct Answer),,US,,10 - 49,10,49,true,true,sales_consulting,,clutch,https://clutch.co/profile/bungee-formerly-direct-answer
Periodix,,US,,10 - 49,10,49,true,true,sales_consulting,,clutch,https://clutch.co/profile/periodix
LeadLancer.io,,CA,,10 - 49,10,49,true,true,sales_consulting,,clutch,https://clutch.co/profile/leadlancerio
ResponsePoint,,US,,50 - 249,50,249,true,true,sales_consulting,,clutch,https://clutch.co/profile/responsepoint
Sapper Consulting LLC,,US,,50 - 249,50,249,true,true,sales_consulting,,clutch,https://clutch.co/profile/sapper-consulting
Salaria Sales,,US,,50 - 249,50,249,true,true,sales_consulting,,clutch,https://clutch.co/profile/salaria-sales
Brightest Minds,,US,,50 - 249,50,249,true,true,sales_consulting,,clutch,https://clutch.co/profile/brightest-minds
Oneresource (Oneresource Virtual Assistants Ltd),,UK,,10 - 49,10,49,true,true,sales_consulting,,clutch,https://clutch.co/profile/oneresource-oneresource-virtual-assistants
Smogu.Studio,,US,,10 - 49,10,49,true,true,sales_consulting,,clutch,https://clutch.co/profile/smogustudio
AnswerFront,,US,,10 - 49,10,49,true,true,sales_consulting,,clutch,https://clutch.co/profile/answerfront
Biznatron,,US,,10 - 49,10,49,true,true,sales_consulting,,clutch,https://clutch.co/profile/biznatron
HelloSells,,US,,50 - 249,50,249,true,true,sales_consulting,,clutch,https://clutch.co/profile/hellosells
habitable.co,,UK,,10 - 49,10,49,true,true,sales_consulting,,clutch,https://clutch.co/profile/habitableco
Leads at Scale,,US,,10 - 49,10,49,true,true,sales_consulting,,clutch,https://clutch.co/profile/leads-scale
AspireSix,,US,,10 - 49,10,49,true,true,sales_consulting,,clutch,https://clutch.co/profile/aspiresix
Koala Customer Care,,CA,,50 - 249,50,249,true,true,sales_consulting,,clutch,https://clutch.co/profile/koala-customer-care
Teqnet Solutions,,AU,,10 - 49,10,49,true,true,sales_consulting,,clutch,https://clutch.co/profile/teqnet-solutions
Gungho,,UK,,50 - 249,50,249,true,true,sales_consulting,,clutch,https://clutch.co/profile/gungho
ProphetLogic,,US,,10 - 49,10,49,true,true,sales_consulting,,clutch,https://clutch.co/profile/prophetlogic
Branxify,,US,,50 - 249,50,249,true,true,sales_consulting,,clutch,https://clutch.co/profile/branxify
Amazon Consultant,,UK,,50 - 249,50,249,true,true,sales_consulting,,clutch,https://clutch.co/profile/amazon-consultant
Call Savvys,,US,,50 - 249,50,249,true,true,sales_consulting,,clutch,https://clutch.co/profile/call-savvys
ProspectRamp,,US,,10 - 49,10,49,true,true,sales_consulting,,clutch,https://clutch.co/profile/prospectramp
Brandigade,,US,,10 - 49,10,49,true,true,sales_consulting,,clutch,https://clutch.co/profile/brandigade
VirtuHire US,,US,,10 - 49,10,49,true,true,sales_consulting,,clutch,https://clutch.co/profile/virtuhire-us
BizzBuzz.AI,,US,,10 - 49,10,49,true,true,sales_consulting,,clutch,https://clutch.co/profile/bizzbuzzai
WebStax Studio,,US,,10 - 49,10,49,true,true,sales_consulting,,clutch,https://clutch.co/profile/webstax-studio
SapientPro NYC,,US,,50 - 249,50,249,true,true,sales_consulting,,clutch,https://clutch.co/profile/sapientpro-nyc
ReveGro,,UK,,10 - 49,10,49,true,true,sales_consulting,,clutch,https://clutch.co/profile/revegro
VonBridge Solutions,,US,,10 - 49,10,49,true,true,sales_consulting,,clutch,https://clutch.co/profile/vonbridge-solutions
TechNinja LLC,,US,,10 - 49,10,49,true,true,sales_consulting,,clutch,https://clutch.co/profile/techninja
@liveconx,,CA,,50 - 249,50,249,true,true,sales_consulting,,clutch,https://clutch.co/profile/liveconx
GIC BPO LLC,,US,,50 - 249,50,249,true,true,sales_consulting,,clutch,https://clutch.co/profile/gic-bpo
RemoteReps247,,US,,10 - 49,10,49,true,true,sales_consulting,,clutch,https://clutch.co/profile/remotereps247
VoiceLogic.com,,CA,,50 - 249,50,249,true,true,sales_consulting,,clutch,https://clutch.co/profile/voicelogiccom
Numa,,US,,10 - 49,10,49,true,true,sales_consulting,,clutch,https://clutch.co/profile/numa
Calibrus,,US,,50 - 249,50,249,true,true,sales_consulting,,clutch,https://clutch.co/profile/calibrus
AppointmentSetter,,CA,,10 - 49,10,49,true,true,sales_consulting,,clutch,https://clutch.co/profile/appointmentsetter
Lead Generators International®,,CA,,10 - 49,10,49,true,true,sales_consulting,,clutch,https://clutch.co/profile/lead-generators-international
WC Call Center,,US,,10 - 49,10,49,true,true,sales_consulting,,clutch,https://clutch.co/profile/wc-call-center
"High Standards Technology, Inc.",,US,,10 - 49,10,49,true,true,sales_consulting,,clutch,https://clutch.co/profile/high-standards-technology
Zaphyre,,US,,50 - 249,50,249,true,true,sales_consulting,,clutch,https://clutch.co/profile/zaphyre
Dotcomsourcing,,US,,50 - 249,50,249,true,true,sales_consulting,,clutch,https://clutch.co/profile/dotcomsourcing
Blue Zebra,,US,,10 - 49,10,49,true,true,sales_consulting,,clutch,https://clutch.co/profile/blue-zebra
BYG Advantage,,US,,10 - 49,10,49,true,true,sales_consulting,,clutch,https://clutch.co/profile/byg-advantage
