name,domain,country,headcount,headcount_raw,headcount_low_edge,headcount_high_edge,headcount_ambiguous,needs_domain_lookup,company_type,funding_usd,source,origin_url,hiring_signal,post_signal,signal_url
Disruptive Advertising,disruptiveadvertising.com,US,,50 - 249,50,249,true,false,digital_marketing_agency,,clutch,https://clutch.co/profile/disruptive-advertising,no verifiable signal found,no verifiable signal found,
Black Propeller,blackpropeller.com,US,,50 - 249,50,249,true,false,digital_marketing_agency,,clutch,https://clutch.co/profile/black-propeller,no verifiable signal found,no verifiable signal found,
Silverback Strategies,silverbackstrategies.com,US,,50 - 249,50,249,true,false,digital_marketing_agency,,clutch,https://clutch.co/profile/silverback-strategies,no verifiable signal found,no verifiable signal found,
Funnel Boost Media,funnelboostmedia.net,US,,50 - 249,50,249,true,false,digital_marketing_agency,,clutch,https://clutch.co/profile/funnel-boost-media,no verifiable signal found,no verifiable signal found,
Accelerated Digital Media,accelerateddigitalmedia.com,US,,10 - 49,10,49,true,false,digital_marketing_agency,,clutch,https://clutch.co/profile/accelerated-digital-media,no verifiable signal found,no verifiable signal found,
Onya,onyamark.com,US,,10 - 49,10,49,true,false,digital_marketing_agency,,clutch,https://clutch.co/profile/onya,no verifiable signal found,no verifiable signal found,
1 At Bat Media,1atbatmedia.com,CA,,10 - 49,10,49,true,false,digital_marketing_agency,,clutch,https://clutch.co/profile/1-bat-media,no verifiable signal found,no verifiable signal found,
Zipline B2B Marketing,ziplineb2b.com,US,,10 - 49,10,49,true,false,digital_marketing_agency,,clutch,https://clutch.co/profile/zipline-b2b-marketing,no verifiable signal found,no verifiable signal found,
Premier Marketing,premiermarketingus.com,US,,10 - 49,10,49,true,false,digital_marketing_agency,,clutch,https://clutch.co/profile/premier-marketing,no verifiable signal found,no verifiable signal found,
Markacy,markacy.com,US,,50 - 249,50,249,true,false,digital_marketing_agency,,clutch,https://clutch.co/profile/markacy,no verifiable signal found,no verifiable signal found,
Interconnections,theinterconnections.com,CA,,10 - 49,10,49,true,false,digital_marketing_agency,,clutch,https://clutch.co/profile/interconnections,no verifiable signal found,no verifiable signal found,
Geeks360,geeks360.net,US,,10 - 49,10,49,true,false,digital_marketing_agency,,clutch,https://clutch.co/profile/geeks360,no verifiable signal found,no verifiable signal found,
Hotspex Media,hotspexmedia.com,CA,,10 - 49,10,49,true,false,digital_marketing_agency,,clutch,https://clutch.co/profile/hotspex-media,no verifiable signal found,no verifiable signal found,
Impactable,impactable.com,US,,10 - 49,10,49,true,false,digital_marketing_agency,,clutch,https://clutch.co/profile/impactable,no verifiable signal found,no verifiable signal found,
INPULSE Digital,inpulsedigital.com,US,,10 - 49,10,49,true,false,digital_marketing_agency,,clutch,https://clutch.co/profile/inpulse-digital,no verifiable signal found,no verifiable signal found,
SLT Consulting (SLTC),sltconsulting.co,US,,10 - 49,10,49,true,false,digital_marketing_agency,,clutch,https://clutch.co/profile/slt-consulting-sltc,no verifiable signal found,no verifiable signal found,
Revity Marketing Agency,gorevity.com,US,,50 - 249,50,249,true,false,digital_marketing_agency,,clutch,https://clutch.co/profile/revity-marketing-agency,no verifiable signal found,no verifiable signal found,
Volume Nine,v9digital.com,US,,10 - 49,10,49,true,false,digital_marketing_agency,,clutch,https://clutch.co/profile/volume-nine,no verifiable signal found,no verifiable signal found,
HawkSEM,hawksem.com,US,,50 - 249,50,249,true,false,digital_marketing_agency,,clutch,https://clutch.co/profile/hawksem,no verifiable signal found,no verifiable signal found,
Siege Media,siegemedia.com,US,,50 - 249,50,249,true,false,digital_marketing_agency,,clutch,https://clutch.co/profile/siege-media,no verifiable signal found,no verifiable signal found,
"DMi Partners, Inc",dmipartners.com,US,,50 - 249,50,249,true,false,digital_marketing_agency,,clutch,https://clutch.co/profile/dmi-partners,no verifiable signal found,no verifiable signal found,
SimpleTiger LLC,simpletiger.com,US,,10 - 49,10,49,true,false,digital_marketing_agency,,clutch,https://clutch.co/profile/simpletiger-0-0,no verifiable signal found,no verifiable signal found,
OpenMoves,openmoves.com,US,,50 - 249,50,249,true,false,digital_marketing_agency,,clutch,https://clutch.co/profile/openmoves,no verifiable signal found,no verifiable signal found,
M3.agency,m3.agency,UK,,50 - 249,50,249,true,false,digital_marketing_agency,,clutch,https://clutch.co/profile/m3agency-0,no verifiable signal found,no verifiable signal found,
BlueTuskr,bluetuskr.com,US,,10 - 49,10,49,true,false,digital_marketing_agency,,clutch,https://clutch.co/profile/bluetuskr,no verifiable signal found,no verifiable signal found,
ROAST,weareroast.com,UK,,50 - 249,50,249,true,false,digital_marketing_agency,,clutch,https://clutch.co/profile/roast,no verifiable signal found,no verifiable signal found,
Upward Engine,upwardengine.com,US,,50 - 249,50,249,true,false,digital_marketing_agency,,clutch,https://clutch.co/profile/upward-engine,no verifiable signal found,no verifiable signal found,
Digital Nomads HQ,digitalnomadshq.com.au,AU,,10 - 49,10,49,true,false,digital_marketing_agency,,clutch,https://clutch.co/profile/digital-nomads-hq,no verifiable signal found,no verifiable signal found,
Lilo Social,lilosocial.com,US,,10 - 49,10,49,true,false,digital_marketing_agency,,clutch,https://clutch.co/profile/lilo-social,no verifiable signal found,no verifiable signal found,
Acadia,acadia.io,US,,50 - 249,50,249,true,false,digital_marketing_agency,,clutch,https://clutch.co/profile/acadia-0,no verifiable signal found,no verifiable signal found,
Konstruct Digital,konstructdigital.com,CA,,10 - 49,10,49,true,false,digital_marketing_agency,,clutch,https://clutch.co/profile/konstruct-digital,no verifiable signal found,no verifiable signal found,
Intero Digital,getresults.interodigital.com,US,,50 - 249,50,249,true,false,digital_marketing_agency,,clutch,https://clutch.co/profile/intero-digital-0,no verifiable signal found,no verifiable signal found,
Brafton,brafton.com,US,,50 - 249,50,249,true,false,digital_marketing_agency,,clutch,https://clutch.co/profile/brafton,no verifiable signal found,no verifiable signal found,
KlientBoost,klientboost.com,US,,50 - 249,50,249,true,false,digital_marketing_agency,,clutch,https://clutch.co/profile/klientboost,Growth Manager (B2B Paid Ads),no verifiable signal found,https://www.linkedin.com/jobs/view/growth-manager-b2b-paid-ads-at-klientboost-the-performance-marketing-agency-4431861150?position=2&pageNum=0&refId=zWHheHkH%2Fy3m64cu8V79gg%3D%3D&trackingId=x4dqqfglquFeArbJ8v1ZRg%3D%3D
Search Engine People,searchenginepeople.com,CA,,50 - 249,50,249,true,false,digital_marketing_agency,,clutch,https://clutch.co/profile/search-engine-people,no verifiable signal found,no verifiable signal found,
GrowthHit,growthhit.com,US,,50 - 249,50,249,true,false,digital_marketing_agency,,clutch,https://clutch.co/profile/growthhit,no verifiable signal found,no verifiable signal found,
Absolute Digital Media,absolute.digital,UK,,10 - 49,10,49,true,false,digital_marketing_agency,,clutch,https://clutch.co/profile/absolute-digital-media,no verifiable signal found,no verifiable signal found,
Jives Media,jivesmedia.com,US,,10 - 49,10,49,true,false,digital_marketing_agency,,clutch,https://clutch.co/profile/jives-media,no verifiable signal found,no verifiable signal found,
Taktical Digital,taktical.co,US,,10 - 49,10,49,true,false,digital_marketing_agency,,clutch,https://clutch.co/profile/taktical-digital,no verifiable signal found,no verifiable signal found,
Digital Position,digitalposition.com,US,,10 - 49,10,49,true,false,digital_marketing_agency,,clutch,https://clutch.co/profile/digital-position,no verifiable signal found,no verifiable signal found,
Victorious,victorious.com,US,,50 - 249,50,249,true,false,digital_marketing_agency,,clutch,https://clutch.co/profile/victorious,no verifiable signal found,no verifiable signal found,
Soap Media,soapmedia.co.uk,UK,,10 - 49,10,49,true,false,digital_marketing_agency,,clutch,https://clutch.co/profile/soap-media,no verifiable signal found,no verifiable signal found,
Online Optimism,onlineoptimism.com,US,,10 - 49,10,49,true,false,digital_marketing_agency,,clutch,https://clutch.co/profile/online-optimism,no verifiable signal found,no verifiable signal found,
Rankings.io,rankings.io,US,,50 - 249,50,249,true,false,digital_marketing_agency,,clutch,https://clutch.co/profile/rankingsio,no verifiable signal found,no verifiable signal found,
LYFE Marketing,lyfemarketing.com,US,,10 - 49,10,49,true,false,digital_marketing_agency,,clutch,https://clutch.co/profile/lyfe-marketing,no verifiable signal found,no verifiable signal found,
Top Growth Marketing INC,topgrowthmarketing.com,US,,10 - 49,10,49,true,false,digital_marketing_agency,,clutch,https://clutch.co/profile/top-growth-marketing,no verifiable signal found,no verifiable signal found,
Social Media 55,socialmedia55.com,CA,,10 - 49,10,49,true,false,digital_marketing_agency,,clutch,https://clutch.co/profile/social-media-55,no verifiable signal found,no verifiable signal found,
JumpFly,jumpfly.com,US,,50 - 249,50,249,true,false,digital_marketing_agency,,clutch,https://clutch.co/profile/jumpfly,no verifiable signal found,no verifiable signal found,
ScaledOn,scaledon.com,US,,10 - 49,10,49,true,false,digital_marketing_agency,,clutch,https://clutch.co/profile/scaledon,no verifiable signal found,no verifiable signal found,
Let's Get Optimized,letsgetoptimized.com,CA,,10 - 49,10,49,true,false,digital_marketing_agency,,clutch,https://clutch.co/profile/lets-get-optimized,no verifiable signal found,no verifiable signal found,
The Media Captain,themediacaptain.com,US,,10 - 49,10,49,true,false,digital_marketing_agency,,clutch,https://clutch.co/profile/media-captain,no verifiable signal found,no verifiable signal found,
Jax Media Team,jaxmediateam.com,US,,10 - 49,10,49,true,false,digital_marketing_agency,,clutch,https://clutch.co/profile/jax-media-team,no verifiable signal found,no verifiable signal found,
321 Web Marketing,321webmarketing.com,US,,10 - 49,10,49,true,false,digital_marketing_agency,,clutch,https://clutch.co/profile/321-web-marketing,no verifiable signal found,no verifiable signal found,
Searchbloom,searchbloom.com,US,,10 - 49,10,49,true,false,digital_marketing_agency,,clutch,https://clutch.co/profile/searchbloom,no verifiable signal found,no verifiable signal found,
Moburst,lp.moburst.com,US,,50 - 249,50,249,true,false,digital_marketing_agency,,clutch,https://clutch.co/profile/moburst,no verifiable signal found,no verifiable signal found,
SEO Brand,seobrand.com,US,,10 - 49,10,49,true,false,digital_marketing_agency,,clutch,https://clutch.co/profile/seo-brand,no verifiable signal found,no verifiable signal found,
Favoured,favoured.co.uk,UK,,10 - 49,10,49,true,false,digital_marketing_agency,,clutch,https://clutch.co/profile/favoured,no verifiable signal found,no verifiable signal found,
Fractl,frac.tl,US,,50 - 249,50,249,true,false,digital_marketing_agency,,clutch,https://clutch.co/profile/fractl,no verifiable signal found,no verifiable signal found,
Chatterkick,chatterkick.com,US,,10 - 49,10,49,true,false,digital_marketing_agency,,clutch,https://clutch.co/profile/chatterkick,no verifiable signal found,no verifiable signal found,
Galactic Fed,galacticfed.com,US,,50 - 249,50,249,true,false,digital_marketing_agency,,clutch,https://clutch.co/profile/galactic-fed,no verifiable signal found,no verifiable signal found,
GA Agency,ga.agency,UK,,50 - 249,50,249,true,false,digital_marketing_agency,,clutch,https://clutch.co/profile/ga-agency,no verifiable signal found,no verifiable signal found,
dNOVO - Digital Marketing & SEO Agency,dnovogroup.com,CA,,10 - 49,10,49,true,false,digital_marketing_agency,,clutch,https://clutch.co/profile/dnovo-digital-marketing-seo-agency,no verifiable signal found,no verifiable signal found,
SIXGUN,sixgun.com.au,AU,,10 - 49,10,49,true,false,digital_marketing_agency,,clutch,https://clutch.co/profile/sixgun,no verifiable signal found,no verifiable signal found,
Ubiquitous,ubiquitousinfluence.com,US,,10 - 49,10,49,true,false,digital_marketing_agency,,clutch,https://clutch.co/profile/ubiquitous,no verifiable signal found,no verifiable signal found,
Razor Rank,razorrank.com,US,,50 - 249,50,249,true,false,digital_marketing_agency,,clutch,https://clutch.co/profile/razor-rank,no verifiable signal found,no verifiable signal found,
Webtmize,webtmize.com,CA,,10 - 49,10,49,true,false,digital_marketing_agency,,clutch,https://clutch.co/profile/webtmize,no verifiable signal found,no verifiable signal found,
AdVenture Media,adventureppc.com,US,,50 - 249,50,249,true,false,digital_marketing_agency,,clutch,https://clutch.co/profile/adventure-media-0,no verifiable signal found,no verifiable signal found,
"PartnerCentric, Inc.",partnercentric.com,US,,10 - 49,10,49,true,false,digital_marketing_agency,,clutch,https://clutch.co/profile/partnercentric,no verifiable signal found,no verifiable signal found,
Elevation,elevationweb.org,US,,10 - 49,10,49,true,false,digital_marketing_agency,,clutch,https://clutch.co/profile/elevation,no verifiable signal found,no verifiable signal found,
The SEO Works,seoworks.co.uk,UK,,10 - 49,10,49,true,false,digital_marketing_agency,,clutch,https://clutch.co/profile/seo-works,no verifiable signal found,no verifiable signal found,
"Social House, Inc.",socialhouseinc.com,US,,10 - 49,10,49,true,false,digital_marketing_agency,,clutch,https://clutch.co/profile/social-house,no verifiable signal found,no verifiable signal found,
VIDEN Growth,videngrowth.com,US,,10 - 49,10,49,true,false,digital_marketing_agency,,clutch,https://clutch.co/profile/viden-growth,no verifiable signal found,no verifiable signal found,
Uptown Creation,uptown.com,US,,10 - 49,10,49,true,false,digital_marketing_agency,,clutch,https://clutch.co/profile/uptown-creation,no verifiable signal found,cold email,https://www.linkedin.com/posts/chriscozzolino_sponsored-activity-7496219598128660480-hsP2
Digital Drew SEM,digitaldrewsem.com,US,,10 - 49,10,49,true,false,digital_marketing_agency,,clutch,https://clutch.co/profile/digital-drew-sem,no verifiable signal found,no verifiable signal found,
Comrade Digital Marketing Agency,comradeweb.com,US,,50 - 249,50,249,true,false,digital_marketing_agency,,clutch,https://clutch.co/profile/comrade-digital-marketing-agency,no verifiable signal found,no verifiable signal found,
Obility,obilityb2b.com,US,,10 - 49,10,49,true,false,digital_marketing_agency,,clutch,https://clutch.co/profile/obility,no verifiable signal found,no verifiable signal found,
Netrocket,netrocket.pro,US,,10 - 49,10,49,true,false,digital_marketing_agency,,clutch,https://clutch.co/profile/netrocket,no verifiable signal found,no verifiable signal found,
Coalition Technologies,coalitiontechnologies.com,US,,50 - 249,50,249,true,false,digital_marketing_agency,,clutch,https://clutch.co/profile/coalition-technologies,no verifiable signal found,no verifiable signal found,
NextLeft,nextleft.com,US,,10 - 49,10,49,true,false,digital_marketing_agency,,clutch,https://clutch.co/profile/nextleft,no verifiable signal found,no verifiable signal found,
Climbing Trees,climbingtrees.com,UK,,10 - 49,10,49,true,false,digital_marketing_agency,,clutch,https://clutch.co/profile/climbing-trees,no verifiable signal found,no verifiable signal found,
MeanPug Digital,meanpug.com,US,,10 - 49,10,49,true,false,digital_marketing_agency,,clutch,https://clutch.co/profile/meanpug-digital,no verifiable signal found,no verifiable signal found,
RSO Consulting,rso-consulting.com,US,,10 - 49,10,49,true,false,digital_marketing_agency,,clutch,https://clutch.co/profile/rso-consulting,no verifiable signal found,no verifiable signal found,
Marcel Digital,marceldigital.com,US,,10 - 49,10,49,true,false,digital_marketing_agency,,clutch,https://clutch.co/profile/marcel-digital,no verifiable signal found,no verifiable signal found,
Thrive Internet Marketing Agency,thriveagency.com,US,,50 - 249,50,249,true,false,digital_marketing_agency,,clutch,https://clutch.co/profile/thrive-internet-marketing-agency,no verifiable signal found,no verifiable signal found,
Cazbah,cazbah.net,US,,10 - 49,10,49,true,false,digital_marketing_agency,,clutch,https://clutch.co/profile/cazbah-0,no verifiable signal found,no verifiable signal found,
Impressive Digital Agency,impressive.com.au,AU,,50 - 249,50,249,true,false,digital_marketing_agency,,clutch,https://clutch.co/profile/impressive-digital-agency,no verifiable signal found,no verifiable signal found,
VisualFizz,visualfizz.com,US,,10 - 49,10,49,true,false,digital_marketing_agency,,clutch,https://clutch.co/profile/visualfizz,no verifiable signal found,no verifiable signal found,
Intesols,intesols.com.au,AU,,50 - 249,50,249,true,false,digital_marketing_agency,,clutch,https://clutch.co/profile/intesols,no verifiable signal found,no verifiable signal found,
Out Origin,outorigin.com,CA,,10 - 49,10,49,true,false,digital_marketing_agency,,clutch,https://clutch.co/profile/out-origin-0,no verifiable signal found,no verifiable signal found,
Longhouse Branding & Marketing,longhouse.co,CA,,10 - 49,10,49,true,false,digital_marketing_agency,,clutch,https://clutch.co/profile/longhouse-branding-marketing,no verifiable signal found,no verifiable signal found,
Search + Gather,searchandgather.co,CA,,10 - 49,10,49,true,false,digital_marketing_agency,,clutch,https://clutch.co/profile/search-gather,no verifiable signal found,no verifiable signal found,
Outpace SEO,outpaceseo.com,US,,10 - 49,10,49,true,false,digital_marketing_agency,,clutch,https://clutch.co/profile/outpace-seo,no verifiable signal found,no verifiable signal found,
Propeller,propeller.co.uk,UK,,50 - 249,50,249,true,false,digital_marketing_agency,,clutch,https://clutch.co/profile/propeller,no verifiable signal found,no verifiable signal found,
Fresh Content Society,freshcontentsociety.com,US,,10 - 49,10,49,true,false,digital_marketing_agency,,clutch,https://clutch.co/profile/fresh-content-society,no verifiable signal found,no verifiable signal found,
"Olifant Digital: Full-Service Amazon Agency for PPC, SEO & Account Management",olifantdigital.com,US,,10 - 49,10,49,true,false,digital_marketing_agency,,clutch,https://clutch.co/profile/olifant-digital-full-service-amazon-agency-ppc-seo-account-management,no verifiable signal found,no verifiable signal found,
GLIDE®,glidedesign.com,US,,10 - 49,10,49,true,false,digital_marketing_agency,,clutch,https://clutch.co/profile/glide,no verifiable signal found,no verifiable signal found,
Taikun Digital,taikundigital.com,US,,10 - 49,10,49,true,false,digital_marketing_agency,,clutch,https://clutch.co/profile/taikun-digital,no verifiable signal found,no verifiable signal found,
VOLTAGE,voltage.digital,US,,10 - 49,10,49,true,false,digital_marketing_agency,,clutch,https://clutch.co/profile/voltage-0,no verifiable signal found,no verifiable signal found,
Sure Oak,sureoak.com,US,,10 - 49,10,49,true,false,digital_marketing_agency,,clutch,https://clutch.co/profile/sure-oak,no verifiable signal found,no verifiable signal found,
Pico Digital Marketing,choosepico.com,US,,10 - 49,10,49,true,false,digital_marketing_agency,,clutch,https://clutch.co/profile/pico-digital-marketing,no verifiable signal found,no verifiable signal found,
e intelligence,eintelligenceweb.com,UK,,10 - 49,10,49,true,false,digital_marketing_agency,,clutch,https://clutch.co/profile/e-intelligence,no verifiable signal found,no verifiable signal found,
"New Target, Inc. - The Digital Agency",newtarget.com,US,,50 - 249,50,249,true,false,digital_marketing_agency,,clutch,https://clutch.co/profile/new-target-digital-agency,no verifiable signal found,no verifiable signal found,
Blacksmith Agency,blacksmith.agency,US,,10 - 49,10,49,true,false,digital_marketing_agency,,clutch,https://clutch.co/profile/blacksmith-agency,Growth Account Executive (Remote US),no verifiable signal found,https://www.linkedin.com/jobs/view/growth-account-executive-remote-us-at-blacksmith-agency-4457367906?position=6&pageNum=0&refId=qwPCV3F5PQWbtoitVQJ%2BRQ%3D%3D&trackingId=qKQPF3qByl0ZtwIkLu2MEw%3D%3D
ATRIUM,atriumdigital.com,CA,,10 - 49,10,49,true,false,digital_marketing_agency,,clutch,https://clutch.co/profile/atrium-1,no verifiable signal found,no verifiable signal found,
Scalero,scalero.io,US,,10 - 49,10,49,true,false,digital_marketing_agency,,clutch,https://clutch.co/profile/scalero-0,no verifiable signal found,no verifiable signal found,
LAB Digital Creative,labdigitalcreative.com,US,,10 - 49,10,49,true,false,digital_marketing_agency,,clutch,https://clutch.co/profile/lab-digital-creative,no verifiable signal found,no verifiable signal found,
Amazon Growth Lab,amazongrowthlab.com,US,,50 - 249,50,249,true,false,digital_marketing_agency,,clutch,https://clutch.co/profile/amazon-growth-lab,no verifiable signal found,no verifiable signal found,
ATRA,atradigital.com,US,,10 - 49,10,49,true,false,digital_marketing_agency,,clutch,https://clutch.co/profile/atra,no verifiable signal found,no verifiable signal found,
YEG Digital,yegdigital.com,CA,,10 - 49,10,49,true,false,digital_marketing_agency,,clutch,https://clutch.co/profile/yeg-digital,no verifiable signal found,no verifiable signal found,
Orbit Media Studios,orbitmedia.com,US,,50 - 249,50,249,true,false,digital_marketing_agency,,clutch,https://clutch.co/profile/orbit-media-studios,no verifiable signal found,no verifiable signal found,
"Inbox Army, LLC",inboxarmy.com,US,,50 - 249,50,249,true,false,digital_marketing_agency,,clutch,https://clutch.co/profile/inbox-army,no verifiable signal found,no verifiable signal found,
CTI Digital,ctidigital.com,UK,,50 - 249,50,249,true,false,digital_marketing_agency,,clutch,https://clutch.co/profile/cti-digital,no verifiable signal found,no verifiable signal found,
Bird Marketing,bird.marketing,UK,,10 - 49,10,49,true,false,digital_marketing_agency,,clutch,https://clutch.co/profile/bird-marketing,no verifiable signal found,no verifiable signal found,
Sociallyin,sociallyin.com,US,,50 - 249,50,249,true,false,digital_marketing_agency,,clutch,https://clutch.co/profile/sociallyin,no verifiable signal found,no verifiable signal found,
CrunchGrowth Revenue Acceleration Agency,crunchgrowth.com,US,,10 - 49,10,49,true,false,digital_marketing_agency,,clutch,https://clutch.co/profile/crunchgrowth-revenue-acceleration-agency,no verifiable signal found,no verifiable signal found,
"Ready Artwork - Website, Design, Marketing",readyartwork.com,US,,10 - 49,10,49,true,false,digital_marketing_agency,,clutch,https://clutch.co/profile/ready-artwork-website-design-marketing,no verifiable signal found,no verifiable signal found,
HireInfluence,hireinfluence.com,US,,10 - 49,10,49,true,false,digital_marketing_agency,,clutch,https://clutch.co/profile/hireinfluence,no verifiable signal found,no verifiable signal found,
Collective42,collective42.com,US,,10 - 49,10,49,true,false,digital_marketing_agency,,clutch,https://clutch.co/profile/collective42,no verifiable signal found,no verifiable signal found,
Breakline,breaklineagency.com,UK,,50 - 249,50,249,true,false,digital_marketing_agency,,clutch,https://clutch.co/profile/breakline,no verifiable signal found,no verifiable signal found,
Group 8A,group8a.com,US,,10 - 49,10,49,true,false,digital_marketing_agency,,clutch,https://clutch.co/profile/group-8a,no verifiable signal found,no verifiable signal found,
Gatorworks,gatorworks.net,US,,10 - 49,10,49,true,false,digital_marketing_agency,,clutch,https://clutch.co/profile/gatorworks,no verifiable signal found,no verifiable signal found,
RiseUp® Agency,globalsearchmarketing.co.uk,UK,,10 - 49,10,49,true,false,digital_marketing_agency,,clutch,https://clutch.co/profile/riseup-agency,no verifiable signal found,no verifiable signal found,
Agency Jet,agencyjet.com,US,,10 - 49,10,49,true,false,digital_marketing_agency,,clutch,https://clutch.co/profile/agency-jet,no verifiable signal found,no verifiable signal found,
Mattered,mattered.com,US,,10 - 49,10,49,true,false,digital_marketing_agency,,clutch,https://clutch.co/profile/mattered,no verifiable signal found,no verifiable signal found,
Storm Brain,stormbrain.com,US,,50 - 249,50,249,true,false,digital_marketing_agency,,clutch,https://clutch.co/profile/storm-brain,no verifiable signal found,no verifiable signal found,
Algofy,algofy.com,US,,10 - 49,10,49,true,false,digital_marketing_agency,,clutch,https://clutch.co/profile/algofy,no verifiable signal found,no verifiable signal found,
Savage Global Marketing,savageglobalmarketing.com,US,,10 - 49,10,49,true,false,digital_marketing_agency,,clutch,https://clutch.co/profile/savage-global-marketing,no verifiable signal found,no verifiable signal found,
Flowium,flowium.com,US,,50 - 249,50,249,true,false,digital_marketing_agency,,clutch,https://clutch.co/profile/flowium,no verifiable signal found,no verifiable signal found,
Opace Digital Agency,opace.agency,UK,,10 - 49,10,49,true,false,digital_marketing_agency,,clutch,https://clutch.co/profile/opace-digital-agency,no verifiable signal found,no verifiable signal found,
DSM,thedsmgroup.com,US,,10 - 49,10,49,true,false,digital_marketing_agency,,clutch,https://clutch.co/profile/dsm,no verifiable signal found,no verifiable signal found,
Nativz,nativz.io,US,,10 - 49,10,49,true,false,digital_marketing_agency,,clutch,https://clutch.co/profile/nativz-0,no verifiable signal found,no verifiable signal found,
Perrill,perrill.com,US,,10 - 49,10,49,true,false,digital_marketing_agency,,clutch,https://clutch.co/profile/perrill,no verifiable signal found,no verifiable signal found,
Gregory,gregoryagency.com,US,,50 - 249,50,249,true,false,digital_marketing_agency,,clutch,https://clutch.co/profile/gregory,no verifiable signal found,no verifiable signal found,
Yodel Mobile,yodelmobile.com,UK,,10 - 49,10,49,true,false,digital_marketing_agency,,clutch,https://clutch.co/profile/yodel-mobile,no verifiable signal found,no verifiable signal found,
Volterra,volterradigital.com,CA,,10 - 49,10,49,true,false,digital_marketing_agency,,clutch,https://clutch.co/profile/volterra,no verifiable signal found,no verifiable signal found,
GrowMyAds.com,growmyads.com,US,,10 - 49,10,49,true,false,digital_marketing_agency,,clutch,https://clutch.co/profile/growmyadscom,no verifiable signal found,no verifiable signal found,
farsiight,farsiight.com,AU,,10 - 49,10,49,true,false,digital_marketing_agency,,clutch,https://clutch.co/profile/farsiight,no verifiable signal found,no verifiable signal found,
Grow Law,growlaw.co,US,,50 - 249,50,249,true,false,digital_marketing_agency,,clutch,https://clutch.co/profile/grow-law,no verifiable signal found,no verifiable signal found,
LawRank,lawrank.com,US,,50 - 249,50,249,true,false,digital_marketing_agency,,clutch,https://clutch.co/profile/lawrank,no verifiable signal found,no verifiable signal found,
Salt & Fuessel,saltandfuessel.com.au,AU,,10 - 49,10,49,true,false,digital_marketing_agency,,clutch,https://clutch.co/profile/salt-fuessel,no verifiable signal found,no verifiable signal found,
Emote Digital,emotedigital.com.au,AU,,10 - 49,10,49,true,false,digital_marketing_agency,,clutch,https://clutch.co/profile/emote-digital,no verifiable signal found,no verifiable signal found,
Bop Design,bopdesign.com,US,,10 - 49,10,49,true,false,digital_marketing_agency,,clutch,https://clutch.co/profile/bop-design,no verifiable signal found,no verifiable signal found,
Three29,three29.com,US,,10 - 49,10,49,true,false,digital_marketing_agency,,clutch,https://clutch.co/profile/three29,no verifiable signal found,no verifiable signal found,
7 Wonders Cinema,7wonders.com,US,,10 - 49,10,49,true,false,digital_marketing_agency,,clutch,https://clutch.co/profile/7-wonders-cinema,no verifiable signal found,no verifiable signal found,
Idea Grove,ideagrove.com,US,,10 - 49,10,49,true,false,digital_marketing_agency,,clutch,https://clutch.co/profile/idea-grove,no verifiable signal found,no verifiable signal found,
NetReputation,netreputation.com,US,,50 - 249,50,249,true,false,digital_marketing_agency,,clutch,https://clutch.co/profile/netreputation,no verifiable signal found,no verifiable signal found,
Prohibition,prohibitionpr.co.uk,UK,,10 - 49,10,49,true,false,digital_marketing_agency,,clutch,https://clutch.co/profile/prohibition,no verifiable signal found,no verifiable signal found,
Cleartail Marketing,cleartailmarketing.com,US,,10 - 49,10,49,true,false,digital_marketing_agency,,clutch,https://clutch.co/profile/cleartail-marketing,no verifiable signal found,no verifiable signal found,
Human Digital,humandigital.com,AU,,10 - 49,10,49,true,false,digital_marketing_agency,,clutch,https://clutch.co/profile/human-digital,no verifiable signal found,no verifiable signal found,
Belkins,belkins.io,US,,50 - 249,50,249,true,false,digital_marketing_agency,,clutch,https://clutch.co/profile/belkins,no verifiable signal found,no verifiable signal found,
Launch Online,launchonline.co.uk,UK,,10 - 49,10,49,true,false,digital_marketing_agency,,clutch,https://clutch.co/profile/launch-online,no verifiable signal found,no verifiable signal found,
DMT Business Development,dmtcorp.io,CA,,50 - 249,50,249,true,false,digital_marketing_agency,,clutch,https://clutch.co/profile/dmt-business-development,no verifiable signal found,no verifiable signal found,
Page Zero Media,pagezero.com,CA,,10 - 49,10,49,true,false,digital_marketing_agency,,clutch,https://clutch.co/profile/page-zero-media,no verifiable signal found,no verifiable signal found,
Ikon Digital Media,ikondigitalmedia.com,US,,10 - 49,10,49,true,false,digital_marketing_agency,,clutch,https://clutch.co/profile/ikon-digital-media,no verifiable signal found,no verifiable signal found,
SalesAR,salesar.io,UK,,50 - 249,50,249,true,false,digital_marketing_agency,,clutch,https://clutch.co/profile/salesar,no verifiable signal found,no verifiable signal found,
Anchour,anchour.com,US,,10 - 49,10,49,true,false,digital_marketing_agency,,clutch,https://clutch.co/profile/anchour,no verifiable signal found,no verifiable signal found,
efelle creative,seattlewebdesign.com,US,,10 - 49,10,49,true,false,digital_marketing_agency,,clutch,https://clutch.co/profile/efelle-creative,no verifiable signal found,no verifiable signal found,
PopArt Studio,popwebdesign.net,US,,50 - 249,50,249,true,false,digital_marketing_agency,,clutch,https://clutch.co/profile/popart-studio,no verifiable signal found,no verifiable signal found,
thunder::tech,thundertech.com,US,,50 - 249,50,249,true,false,digital_marketing_agency,,clutch,https://clutch.co/profile/thundertech,no verifiable signal found,no verifiable signal found,
Stellar SEO,stellarseo.com,US,,10 - 49,10,49,true,false,digital_marketing_agency,,clutch,https://clutch.co/profile/stellar-seo,no verifiable signal found,no verifiable signal found,
AdTribe,adtribe.com,CA,,10 - 49,10,49,true,false,digital_marketing_agency,,clutch,https://clutch.co/profile/adtribe,no verifiable signal found,no verifiable signal found,
Adverio - Growth Optimizers,adverio.io,US,,10 - 49,10,49,true,false,digital_marketing_agency,,clutch,https://clutch.co/profile/adverio-growth-optimizers,no verifiable signal found,no verifiable signal found,
SEO Team Toronto,seoteamtoronto.ca,CA,,10 - 49,10,49,true,false,digital_marketing_agency,,clutch,https://clutch.co/profile/seo-team-toronto,no verifiable signal found,no verifiable signal found,
LevelUp Leads,levelupleads.io,US,,50 - 249,50,249,true,false,digital_marketing_agency,,clutch,https://clutch.co/profile/levelup-leads,no verifiable signal found,no verifiable signal found,
Leadium,leadium.com,US,,50 - 249,50,249,true,false,digital_marketing_agency,,clutch,https://clutch.co/profile/leadium,no verifiable signal found,no verifiable signal found,
SalesRoads,salesroads.com,US,,50 - 249,50,249,true,false,lead_gen_agency,,clutch,https://clutch.co/profile/salesroads,no verifiable signal found,no verifiable signal found,
Clarify,clarifyb2b.com,UK,,50 - 249,50,249,true,false,lead_gen_agency,,clutch,https://clutch.co/profile/clarify,no verifiable signal found,no verifiable signal found,
TeleNet Marketing Solutions,telenetmarketing.com,US,,50 - 249,50,249,true,false,lead_gen_agency,,clutch,https://clutch.co/profile/telenet-marketing-solutions,no verifiable signal found,no verifiable signal found,
JMS Elite,jmselite.com,US,,10 - 49,10,49,true,false,lead_gen_agency,,clutch,https://clutch.co/profile/jms-elite,no verifiable signal found,no verifiable signal found,
SalesPro Leads,salesproleads.com,US,,10 - 49,10,49,true,false,lead_gen_agency,,clutch,https://clutch.co/profile/salespro-leads,no verifiable signal found,no verifiable signal found,
Virtual Sales Limited,virtual-sales.com,UK,,10 - 49,10,49,true,false,lead_gen_agency,,clutch,https://clutch.co/profile/virtual-sales,no verifiable signal found,no verifiable signal found,
Wing Assistant,wingassistant.com,US,,50 - 249,50,249,true,false,lead_gen_agency,,clutch,https://clutch.co/profile/wing-assistant,Outbound Sales Representative - Wing Assistant,no verifiable signal found,https://www.linkedin.com/jobs/view/outbound-sales-representative-wing-assistant-at-wing-assistant-india-4456186632?position=3&pageNum=0&refId=AawNchaE0WU6HBPkwn43rA%3D%3D&trackingId=%2F7upduNGztl1I8NOVAaILQ%3D%3D
Set2Close,action.set2close.io,CA,,10 - 49,10,49,true,false,lead_gen_agency,,clutch,https://clutch.co/profile/set2close,no verifiable signal found,no verifiable signal found,
Purple Sales,mypurplesales.com,CA,,10 - 49,10,49,true,false,lead_gen_agency,,clutch,https://clutch.co/profile/purple-sales,no verifiable signal found,no verifiable signal found,
Specialty Answering Service,specialtyansweringservice.net,US,,10 - 49,10,49,true,false,lead_gen_agency,,clutch,https://clutch.co/profile/specialty-answering-service,no verifiable signal found,no verifiable signal found,
Paragon Sales Solutions,paragonsalessolutions.co.uk,UK,,10 - 49,10,49,true,false,lead_gen_agency,,clutch,https://clutch.co/profile/paragon-sales-solutions,no verifiable signal found,no verifiable signal found,
Ver-A-Fast,verafast.com,US,,50 - 249,50,249,true,false,lead_gen_agency,,clutch,https://clutch.co/profile/ver-fast,no verifiable signal found,no verifiable signal found,
Crowd Box Pty Ltd,crowdbox.com.au,AU,,10 - 49,10,49,true,false,lead_gen_agency,,clutch,https://clutch.co/profile/crowd-box-pty,no verifiable signal found,no verifiable signal found,
Social Bloom,socialbloom.io,US,,10 - 49,10,49,true,false,lead_gen_agency,,clutch,https://clutch.co/profile/social-bloom,no verifiable signal found,no verifiable signal found,
Cleverly,cleverly.co,US,,10 - 49,10,49,true,false,lead_gen_agency,,clutch,https://clutch.co/profile/cleverly,no verifiable signal found,no verifiable signal found,
GenSales,gensales.com,US,,50 - 249,50,249,true,false,lead_gen_agency,,clutch,https://clutch.co/profile/gensales,no verifiable signal found,no verifiable signal found,
Strategic Sales & Marketing,manageyourleads.com,US,,50 - 249,50,249,true,false,lead_gen_agency,,clutch,https://clutch.co/profile/strategic-sales-marketing,no verifiable signal found,no verifiable signal found,
GLO,generateleads.online,UK,,10 - 49,10,49,true,false,lead_gen_agency,,clutch,https://clutch.co/profile/glo-0,no verifiable signal found,no verifiable signal found,
ContactWorks,contactworks.biz,US,,50 - 249,50,249,true,false,lead_gen_agency,,clutch,https://clutch.co/profile/contactworks,no verifiable signal found,no verifiable signal found,
Hit Rate Solutions,hitratesolutions.com,US,,50 - 249,50,249,true,false,lead_gen_agency,,clutch,https://clutch.co/profile/hit-rate-solutions,no verifiable signal found,no verifiable signal found,
Funnel Bakers,funnelbakers.com,US,,10 - 49,10,49,true,false,lead_gen_agency,,clutch,https://clutch.co/profile/funnel-bakers,no verifiable signal found,no verifiable signal found,
DemandZEN,demandzen.com,US,,50 - 249,50,249,true,false,lead_gen_agency,,clutch,https://clutch.co/profile/demandzen,no verifiable signal found,no verifiable signal found,
Moneypenny USA,voicenation.com,US,,50 - 249,50,249,true,false,lead_gen_agency,,clutch,https://clutch.co/profile/moneypenny-usa,no verifiable signal found,no verifiable signal found,
Illicium,illicium.com.au,AU,,10 - 49,10,49,true,false,lead_gen_agency,,clutch,https://clutch.co/profile/illicium,no verifiable signal found,no verifiable signal found,
Cloud Sourcing,cloudsourcing.com,US,,10 - 49,10,49,true,false,lead_gen_agency,,clutch,https://clutch.co/profile/cloud-sourcing,no verifiable signal found,no verifiable signal found,
Inside Sales Solutions,isaless.com,US,,50 - 249,50,249,true,false,lead_gen_agency,,clutch,https://clutch.co/profile/inside-sales-solutions,no verifiable signal found,no verifiable signal found,
IdeasUnlimited,ideasunlimitedonline.com,US,,50 - 249,50,249,true,false,lead_gen_agency,,clutch,https://clutch.co/profile/ideasunlimited,no verifiable signal found,no verifiable signal found,
Growleads,growleads.io,US,,10 - 49,10,49,true,false,lead_gen_agency,,clutch,https://clutch.co/profile/growleads,no verifiable signal found,no verifiable signal found,
Scalemill,scalemill.com,US,,50 - 249,50,249,true,false,lead_gen_agency,,clutch,https://clutch.co/profile/scalemill,no verifiable signal found,no verifiable signal found,
Answering Service Care,answeringservicecare.com,US,,50 - 249,50,249,true,false,lead_gen_agency,,clutch,https://clutch.co/profile/answering-service-care,no verifiable signal found,no verifiable signal found,
Lead Generation Hubs,leadgenhubs.com,US,,10 - 49,10,49,true,false,lead_gen_agency,,clutch,https://clutch.co/profile/lead-generation-hubs,no verifiable signal found,deliverability,https://www.linkedin.com/posts/garygardnergg_oh-artisan-aisdr-the-whole-sequence-of-activity-7490810112740052993-RaII
Brandwoven - Leading Amazon Agency for Premium Brands,gobrandwoven.com,US,,10 - 49,10,49,true,false,sales_consulting,,clutch,https://clutch.co/profile/brandwoven-leading-amazon-agency-premium-brands,no verifiable signal found,no verifiable signal found,
Lead Express,leadexpress.com.au,AU,,10 - 49,10,49,true,false,sales_consulting,,clutch,https://clutch.co/profile/lead-express-0,no verifiable signal found,no verifiable signal found,
Agave,useagave.com,US,11,11-50,11,50,false,false,b2b_saas,18400000,crunchbase,https://www.crunchbase.com/organization/agave-api,no verifiable signal found,no verifiable signal found,
TEDCO,tedcomd.com,US,,101-250,101,250,true,false,sales_consulting,9440000,crunchbase,https://www.crunchbase.com/organization/maryland-technology-development-corporation,no verifiable signal found,no verifiable signal found,
Blaze.tech,blaze.tech,US,11,11-50,11,50,false,false,b2b_saas,9250000,crunchbase,https://www.crunchbase.com/organization/blaze-00dd,no verifiable signal found,no verifiable signal found,
Samsara BioCapital,samsaracap.com,US,11,11-50,11,50,false,false,sales_consulting,,crunchbase,https://www.crunchbase.com/organization/samsara-biocapital,no verifiable signal found,no verifiable signal found,
Momentum,momentum.io,US,51,51-100,51,100,false,false,b2b_saas,18000000,crunchbase,https://www.crunchbase.com/organization/momentum-f2e6,no verifiable signal found,no verifiable signal found,
WealthReach,wealthreach.ai,US,11,11-50,11,50,false,false,lead_gen_agency,1000000,crunchbase,https://www.crunchbase.com/organization/wealthreach,no verifiable signal found,no verifiable signal found,
Dimension Studios,dimensionstudios.co,US,11,11-50,11,50,false,false,digital_marketing_agency,3200000,crunchbase,https://www.crunchbase.com/organization/dimension-studios,no verifiable signal found,no verifiable signal found,
InfiniG,infinig.io,US,11,11-50,11,50,false,false,b2b_saas,5200000,crunchbase,https://www.crunchbase.com/organization/infinig,no verifiable signal found,no verifiable signal found,
Matrix,matrix.vc,US,11,11-50,11,50,false,false,b2b_saas,,crunchbase,https://www.crunchbase.com/organization/matrix-partners,no verifiable signal found,no verifiable signal found,
Platinum Equity,platinumequity.com,US,,101-250,101,250,true,false,sales_consulting,,crunchbase,https://www.crunchbase.com/organization/platinum-equity,no verifiable signal found,no verifiable signal found,
Zeely,zeely.app,US,11,11-50,11,50,false,false,digital_marketing_agency,2343000,crunchbase,https://www.crunchbase.com/organization/zeely,no verifiable signal found,no verifiable signal found,
Constant,constant.ai,US,11,11-50,11,50,false,false,b2b_saas,6675000,crunchbase,https://www.crunchbase.com/organization/constant-ai,no verifiable signal found,no verifiable signal found,
RadioPharm Theranostics,radiopharmtheranostics.com,AU,11,11-50,11,50,false,false,sales_consulting,19968352,crunchbase,https://www.crunchbase.com/organization/radiopharm-theranostics,no verifiable signal found,no verifiable signal found,
Transient.AI,transient.ai,US,11,11-50,11,50,false,false,b2b_saas,9999976,crunchbase,https://www.crunchbase.com/organization/transient-ai,no verifiable signal found,no verifiable signal found,
GrowthLoop,growthloop.com,US,51,51-100,51,100,false,false,digital_marketing_agency,6000000,crunchbase,https://www.crunchbase.com/organization/growthloop,no verifiable signal found,no verifiable signal found,
Solstice,solstice.us,US,11,11-50,11,50,false,false,b2b_saas,4800000,crunchbase,https://www.crunchbase.com/organization/solstice-2,no verifiable signal found,no verifiable signal found,
Strada,getstrada.com,US,11,11-50,11,50,false,false,b2b_saas,4750000,crunchbase,https://www.crunchbase.com/organization/strada-d62c,no verifiable signal found,no verifiable signal found,
Hatch,usehatchapp.com,US,,101-250,101,250,true,false,digital_marketing_agency,13654836,crunchbase,https://www.crunchbase.com/organization/hatch-0729,no verifiable signal found,no verifiable signal found,
Clinch,clinch.co,US,,101-250,101,250,true,false,digital_marketing_agency,16950000,crunchbase,https://www.crunchbase.com/organization/clinch,no verifiable signal found,no verifiable signal found,
Lexful,lexful.ai,US,11,11-50,11,50,false,false,b2b_saas,7000000,crunchbase,https://www.crunchbase.com/organization/lexful,no verifiable signal found,no verifiable signal found,
Pump,pump.co,US,51,51-100,51,100,false,false,b2b_saas,4500000,crunchbase,https://www.crunchbase.com/organization/pump-b398,no verifiable signal found,no verifiable signal found,
Veriten,veriten.com,US,11,11-50,11,50,false,false,sales_consulting,,crunchbase,https://www.crunchbase.com/organization/veriten,no verifiable signal found,no verifiable signal found,
Adelaide,adelaidemetrics.com,US,51,51-100,51,100,false,false,digital_marketing_agency,13589696,crunchbase,https://www.crunchbase.com/organization/adelaide,no verifiable signal found,no verifiable signal found,
LeanDNA,leandna.com,US,51,51-100,51,100,false,false,b2b_saas,19500000,crunchbase,https://www.crunchbase.com/organization/leandna,no verifiable signal found,no verifiable signal found,
InOrbit,inorbit.ai,US,11,11-50,11,50,false,false,b2b_saas,13487000,crunchbase,https://www.crunchbase.com/organization/inorbit,no verifiable signal found,no verifiable signal found,
CREWASIS,crewasis.ai,US,11,11-50,11,50,false,false,digital_marketing_agency,120000,crunchbase,https://www.crunchbase.com/organization/crewasis,no verifiable signal found,no verifiable signal found,
ReUp Education,reupeducation.com,US,,101-250,101,250,true,false,sales_consulting,14103442,crunchbase,https://www.crunchbase.com/organization/reupeducation,no verifiable signal found,no verifiable signal found,
Dragonfly Technology Limited,askdragonfly.com,UK,11,11-50,11,50,false,false,b2b_saas,4385703,crunchbase,https://www.crunchbase.com/organization/dragonfly-technology-limited,no verifiable signal found,no verifiable signal found,
Barndoor AI,barndoor.ai,US,11,11-50,11,50,false,false,b2b_saas,13600000,crunchbase,https://www.crunchbase.com/organization/barndoor-ai,no verifiable signal found,no verifiable signal found,
Fundamental,fundamental.com,US,11,11-50,11,50,false,false,sales_consulting,,crunchbase,https://www.crunchbase.com/organization/fundamental,no verifiable signal found,no verifiable signal found,
Popl,popl.co,US,,101-250,101,250,true,false,b2b_saas,2375000,crunchbase,https://www.crunchbase.com/organization/popl,no verifiable signal found,no verifiable signal found,
emberos,emberos.ai,US,11,11-50,11,50,false,false,digital_marketing_agency,6700000,crunchbase,https://www.crunchbase.com/organization/emberos,no verifiable signal found,no verifiable signal found,
Rohirrim,rohirrim.ai,US,11,11-50,11,50,false,false,b2b_saas,17650000,crunchbase,https://www.crunchbase.com/organization/rohirrim,no verifiable signal found,no verifiable signal found,
MEXT,mext.ai,US,11,11-50,11,50,false,false,b2b_saas,10586955,crunchbase,https://www.crunchbase.com/organization/mext-ai,no verifiable signal found,no verifiable signal found,
Mundial Media,mundialmedia.com,US,11,11-50,11,50,false,false,digital_marketing_agency,3500000,crunchbase,https://www.crunchbase.com/organization/mundial-media,no verifiable signal found,no verifiable signal found,
Artie,artie.com,US,11,11-50,11,50,false,false,b2b_saas,18850968,crunchbase,https://www.crunchbase.com/organization/artie-a438,no verifiable signal found,no verifiable signal found,
Billables AI,billables.ai,US,11,11-50,11,50,false,false,sales_consulting,14100000,crunchbase,https://www.crunchbase.com/organization/billables-ai,no verifiable signal found,no verifiable signal found,
Clockwork AI,clockwork.ai,US,11,11-50,11,50,false,false,b2b_saas,5549991,crunchbase,https://www.crunchbase.com/organization/clockwork-b844,no verifiable signal found,no verifiable signal found,
ARwall,arwall.co,US,11,11-50,11,50,false,false,sales_consulting,2980000,crunchbase,https://www.crunchbase.com/organization/arwall,no verifiable signal found,no verifiable signal found,
Tamarind Bio,tamarind.bio,US,11,11-50,11,50,false,false,b2b_saas,13600000,crunchbase,https://www.crunchbase.com/organization/tamarind-bio,"Founding GTM, BD",no verifiable signal found,https://www.linkedin.com/jobs/view/founding-gtm-bd-at-tamarind-bio-4412711486?position=7&pageNum=0&refId=aJfPzd3oezcuAH2f54DOBQ%3D%3D&trackingId=KdiC6O%2Bfd%2BB1Pjf0t4BeAA%3D%3D
Spoiler Alert,spoileralert.com,US,11,11-50,11,50,false,false,b2b_saas,16168000,crunchbase,https://www.crunchbase.com/organization/spoileralert,no verifiable signal found,no verifiable signal found,
Join,join.build,US,11,11-50,11,50,false,false,b2b_saas,20000000,crunchbase,https://www.crunchbase.com/organization/join,no verifiable signal found,no verifiable signal found,
Gataca,gataca.io,US,11,11-50,11,50,false,false,b2b_saas,1416036,crunchbase,https://www.crunchbase.com/organization/gataca-4a8f,no verifiable signal found,no verifiable signal found,
TESS,tess.us,US,11,11-50,11,50,false,false,b2b_saas,4872914,crunchbase,https://www.crunchbase.com/organization/pareto-group,no verifiable signal found,no verifiable signal found,
Chariot,givechariot.com,US,11,11-50,11,50,false,false,b2b_saas,15000000,crunchbase,https://www.crunchbase.com/organization/chariot-7772,no verifiable signal found,no verifiable signal found,
Brellium,brellium.com,US,11,11-50,11,50,false,false,b2b_saas,16700000,crunchbase,https://www.crunchbase.com/organization/brellium,no verifiable signal found,no verifiable signal found,
Medsender,medsender.com,US,11,11-50,11,50,false,false,b2b_saas,5000000,crunchbase,https://www.crunchbase.com/organization/medsender,no verifiable signal found,no verifiable signal found,
Sequel.io,sequel.io,US,11,11-50,11,50,false,false,digital_marketing_agency,10700000,crunchbase,https://www.crunchbase.com/organization/introvoke,no verifiable signal found,no verifiable signal found,
Checkboard,checkboard.com,UK,11,11-50,11,50,false,false,b2b_saas,9896428,crunchbase,https://www.crunchbase.com/organization/cubiclease,no verifiable signal found,no verifiable signal found,
Endear,endearhq.com,US,11,11-50,11,50,false,false,digital_marketing_agency,9239966,crunchbase,https://www.crunchbase.com/organization/endear,no verifiable signal found,no verifiable signal found,
1VALET,1valet.com,CA,51,51-100,51,100,false,false,b2b_saas,20000000,crunchbase,https://www.crunchbase.com/organization/1valet,no verifiable signal found,no verifiable signal found,
Evo Security,evosecurity.com,US,11,11-50,11,50,false,false,b2b_saas,16350435,crunchbase,https://www.crunchbase.com/organization/evo-security,no verifiable signal found,no verifiable signal found,
Lovart,lovart.ai,US,,101-250,101,250,true,false,b2b_saas,16459264,crunchbase,https://www.crunchbase.com/organization/lovart,"Growth & Integrated Marketing Manager, North America",no verifiable signal found,https://www.linkedin.com/jobs/view/growth-integrated-marketing-manager-north-america-at-lovart-ai-4441443707?position=31&pageNum=0&refId=9LbDDmh0NR1GeYHmIwvR%2FA%3D%3D&trackingId=a23M%2BGrbpFoC60AryYJ%2F1Q%3D%3D
GrowthFactor,growthfactor.ai,US,11,11-50,11,50,false,false,b2b_saas,5200000,crunchbase,https://www.crunchbase.com/organization/growthfactor-c17a,no verifiable signal found,no verifiable signal found,
Nectir,nectir.io,US,11,11-50,11,50,false,false,b2b_saas,18760000,crunchbase,https://www.crunchbase.com/organization/nectir-de37,no verifiable signal found,no verifiable signal found,
FiveRings Marketing,,CA,,10 - 49,10,49,true,true,lead_gen_agency,,clutch,https://clutch.co/profile/fiverings-marketing,no verifiable signal found,no verifiable signal found,
The Sales Factory,,CA,,50 - 249,50,249,true,true,lead_gen_agency,,clutch,https://clutch.co/profile/sales-factory,no verifiable signal found,no verifiable signal found,
Launch Leads,,US,,50 - 249,50,249,true,true,lead_gen_agency,,clutch,https://clutch.co/profile/launch-leads,no verifiable signal found,no verifiable signal found,
Constructur,,US,,10 - 49,10,49,true,true,lead_gen_agency,,clutch,https://clutch.co/profile/constructur,no verifiable signal found,no verifiable signal found,
Atlantic Growth Solutions,,CA,,10 - 49,10,49,true,true,lead_gen_agency,,clutch,https://clutch.co/profile/atlantic-growth-solutions,no verifiable signal found,no verifiable signal found,
Acquirent,,US,,50 - 249,50,249,true,true,lead_gen_agency,,clutch,https://clutch.co/profile/acquirent,no verifiable signal found,no verifiable signal found,
Excelerate360 Ltd,,UK,,50 - 249,50,249,true,true,lead_gen_agency,,clutch,https://clutch.co/profile/excelerate360,no verifiable signal found,no verifiable signal found,
Verbatim Virtual Receptionists,,UK,,10 - 49,10,49,true,true,lead_gen_agency,,clutch,https://clutch.co/profile/verbatim-virtual-receptionists,no verifiable signal found,no verifiable signal found,
Clever Digital Marketing,,CA,,10 - 49,10,49,true,true,lead_gen_agency,,clutch,https://clutch.co/profile/clever-digital-marketing,no verifiable signal found,no verifiable signal found,
Abacus Cambridge Partners,,UK,,50 - 249,50,249,true,true,lead_gen_agency,,clutch,https://clutch.co/profile/abacus-cambridge-partners,no verifiable signal found,no verifiable signal found,
MoreMeetings.com,,US,,10 - 49,10,49,true,true,lead_gen_agency,,clutch,https://clutch.co/profile/moremeetingscom,no verifiable signal found,no verifiable signal found,
CrewBloom,,US,,50 - 249,50,249,true,true,lead_gen_agency,,clutch,https://clutch.co/profile/crewbloom,no verifiable signal found,no verifiable signal found,
Franchise Marketing Systems,,US,,10 - 49,10,49,true,true,lead_gen_agency,,clutch,https://clutch.co/profile/franchise-marketing-systems,no verifiable signal found,no verifiable signal found,
"FlyTech, Inc.",,US,,10 - 49,10,49,true,true,lead_gen_agency,,clutch,https://clutch.co/profile/flytech,no verifiable signal found,no verifiable signal found,
Answering Legal,,US,,50 - 249,50,249,true,true,lead_gen_agency,,clutch,https://clutch.co/profile/answering-legal,no verifiable signal found,no verifiable signal found,
eCoast Marketing,,US,,50 - 249,50,249,true,true,lead_gen_agency,,clutch,https://clutch.co/profile/ecoast-marketing,no verifiable signal found,no verifiable signal found,
The Sound Pipe Media,,UK,,10 - 49,10,49,true,true,lead_gen_agency,,clutch,https://clutch.co/profile/sound-pipe-media,no verifiable signal found,no verifiable signal found,
Start Up And Fly Inc.,,US,,50 - 249,50,249,true,true,lead_gen_agency,,clutch,https://clutch.co/profile/start-fly,no verifiable signal found,no verifiable signal found,
Ministry of Innovation,,UK,,10 - 49,10,49,true,true,lead_gen_agency,,clutch,https://clutch.co/profile/ministry-innovation,no verifiable signal found,no verifiable signal found,
Superhuman Prospecting,,US,,10 - 49,10,49,true,true,lead_gen_agency,,clutch,https://clutch.co/profile/superhuman-prospecting,no verifiable signal found,no verifiable signal found,
"Telecom, Inc.",,US,,50 - 249,50,249,true,true,lead_gen_agency,,clutch,https://clutch.co/profile/telecom,no verifiable signal found,no verifiable signal found,
Intelus Agency,,US,,10 - 49,10,49,true,true,lead_gen_agency,,clutch,https://clutch.co/profile/intelus-agency,no verifiable signal found,no verifiable signal found,
BitWide,,CA,,10 - 49,10,49,true,true,lead_gen_agency,,clutch,https://clutch.co/profile/bitwide,no verifiable signal found,no verifiable signal found,
Rising Tides,,US,,10 - 49,10,49,true,true,lead_gen_agency,,clutch,https://clutch.co/profile/rising-tides,no verifiable signal found,no verifiable signal found,
Caret,,US,,10 - 49,10,49,true,true,lead_gen_agency,,clutch,https://clutch.co/profile/caret,no verifiable signal found,no verifiable signal found,
Sopro,,UK,,50 - 249,50,249,true,true,lead_gen_agency,,clutch,https://clutch.co/profile/sopro,no verifiable signal found,no verifiable signal found,
TeleContact Resource Services,,US,,50 - 249,50,249,true,true,lead_gen_agency,,clutch,https://clutch.co/profile/telecontact-resource-services,no verifiable signal found,no verifiable signal found,
Staffwiz LLC,,US,,10 - 49,10,49,true,true,lead_gen_agency,,clutch,https://clutch.co/profile/staffwiz,no verifiable signal found,no verifiable signal found,
Flowd,,UK,,10 - 49,10,49,true,true,lead_gen_agency,,clutch,https://clutch.co/profile/flowd-0,no verifiable signal found,no verifiable signal found,
Pointer Strategy,,AU,,10 - 49,10,49,true,true,lead_gen_agency,,clutch,https://clutch.co/profile/pointer-strategy,no verifiable signal found,no verifiable signal found,
AnswerLive,,US,,50 - 249,50,249,true,true,lead_gen_agency,,clutch,https://clutch.co/profile/answerlive,no verifiable signal found,no verifiable signal found,
Xync Inc.,,US,,50 - 249,50,249,true,true,lead_gen_agency,,clutch,https://clutch.co/profile/xync,no verifiable signal found,no verifiable signal found,
Hyre,,US,,50 - 249,50,249,true,true,lead_gen_agency,,clutch,https://clutch.co/profile/hyre,no verifiable signal found,no verifiable signal found,
Outbound System,,US,,10 - 49,10,49,true,true,lead_gen_agency,,clutch,https://clutch.co/profile/outbound-system,no verifiable signal found,no verifiable signal found,
incite,,UK,,10 - 49,10,49,true,true,lead_gen_agency,,clutch,https://clutch.co/profile/incite-1,no verifiable signal found,no verifiable signal found,
RevOps Finder,,UK,,10 - 49,10,49,true,true,lead_gen_agency,,clutch,https://clutch.co/profile/revops-finder,no verifiable signal found,no verifiable signal found,
BOS Digital,,US,,10 - 49,10,49,true,true,lead_gen_agency,,clutch,https://clutch.co/profile/bos-digital,no verifiable signal found,no verifiable signal found,
Green Leads LLC,,US,,10 - 49,10,49,true,true,lead_gen_agency,,clutch,https://clutch.co/profile/green-leads,no verifiable signal found,no verifiable signal found,
AI bees,,US,,50 - 249,50,249,true,true,lead_gen_agency,,clutch,https://clutch.co/profile/ai-bees,no verifiable signal found,no verifiable signal found,
Demand Inc.,,US,,50 - 249,50,249,true,true,lead_gen_agency,,clutch,https://clutch.co/profile/demand,no verifiable signal found,no verifiable signal found,
Done For You Meetings,,US,,10 - 49,10,49,true,true,lead_gen_agency,,clutch,https://clutch.co/profile/done-you-meetings,no verifiable signal found,no verifiable signal found,
LeadSquad,,US,,10 - 49,10,49,true,true,lead_gen_agency,,clutch,https://clutch.co/profile/leadsquad,no verifiable signal found,no verifiable signal found,
PCN - Professional Communications Network,,US,,10 - 49,10,49,true,true,lead_gen_agency,,clutch,https://clutch.co/profile/pcn-professional-communications-network,no verifiable signal found,no verifiable signal found,
Zero Risk Growth,,US,,10 - 49,10,49,true,true,lead_gen_agency,,clutch,https://clutch.co/profile/zero-risk-growth-0,no verifiable signal found,no verifiable signal found,
Curral,,UK,,10 - 49,10,49,true,true,lead_gen_agency,,clutch,https://clutch.co/profile/curral,no verifiable signal found,no verifiable signal found,
B2B Only,,US,,10 - 49,10,49,true,true,lead_gen_agency,,clutch,https://clutch.co/profile/b2b-only,no verifiable signal found,no verifiable signal found,
Revenue Accelerator,,US,,10 - 49,10,49,true,true,lead_gen_agency,,clutch,https://clutch.co/profile/revenue-accelerator,no verifiable signal found,no verifiable signal found,
DRolls & Associates,,US,,50 - 249,50,249,true,true,lead_gen_agency,,clutch,https://clutch.co/profile/drolls-associates,no verifiable signal found,no verifiable signal found,
LeadsPanda,,US,,10 - 49,10,49,true,true,lead_gen_agency,,clutch,https://clutch.co/profile/leadspanda,no verifiable signal found,no verifiable signal found,
Boomsourcing,,US,,50 - 249,50,249,true,true,lead_gen_agency,,clutch,https://clutch.co/profile/boomsourcing,no verifiable signal found,no verifiable signal found,
AMBI,,US,,10 - 49,10,49,true,true,lead_gen_agency,,clutch,https://clutch.co/profile/ambi,no verifiable signal found,no verifiable signal found,
Getsally,,US,,10 - 49,10,49,true,true,lead_gen_agency,,clutch,https://clutch.co/profile/getsally,no verifiable signal found,no verifiable signal found,
Second Voice,,UK,,10 - 49,10,49,true,true,lead_gen_agency,,clutch,https://clutch.co/profile/second-voice,no verifiable signal found,no verifiable signal found,
CloudTask,,US,,10 - 49,10,49,true,true,lead_gen_agency,,clutch,https://clutch.co/profile/cloudtask,no verifiable signal found,no verifiable signal found,
Salesdeck,,AU,,10 - 49,10,49,true,true,lead_gen_agency,,clutch,https://clutch.co/profile/salesdeck,no verifiable signal found,no verifiable signal found,
Sitetrail LLC,,US,,10 - 49,10,49,true,true,lead_gen_agency,,clutch,https://clutch.co/profile/sitetrail,no verifiable signal found,no verifiable signal found,
24H Virtual,,CA,,50 - 249,50,249,true,true,sales_consulting,,clutch,https://clutch.co/profile/24h-virtual,no verifiable signal found,no verifiable signal found,
NANOBOT Group,,US,,10 - 49,10,49,true,true,sales_consulting,,clutch,https://clutch.co/profile/nanobot-group,no verifiable signal found,no verifiable signal found,
Westpark Communications,,US,,50 - 249,50,249,true,true,sales_consulting,,clutch,https://clutch.co/profile/westpark-communications,no verifiable signal found,no verifiable signal found,
Bungee (formerly Direct Answer),,US,,10 - 49,10,49,true,true,sales_consulting,,clutch,https://clutch.co/profile/bungee-formerly-direct-answer,no verifiable signal found,no verifiable signal found,
Periodix,,US,,10 - 49,10,49,true,true,sales_consulting,,clutch,https://clutch.co/profile/periodix,no verifiable signal found,no verifiable signal found,
LeadLancer.io,,CA,,10 - 49,10,49,true,true,sales_consulting,,clutch,https://clutch.co/profile/leadlancerio,no verifiable signal found,no verifiable signal found,
ResponsePoint,,US,,50 - 249,50,249,true,true,sales_consulting,,clutch,https://clutch.co/profile/responsepoint,no verifiable signal found,no verifiable signal found,
Sapper Consulting LLC,,US,,50 - 249,50,249,true,true,sales_consulting,,clutch,https://clutch.co/profile/sapper-consulting,no verifiable signal found,no verifiable signal found,
Salaria Sales,,US,,50 - 249,50,249,true,true,sales_consulting,,clutch,https://clutch.co/profile/salaria-sales,no verifiable signal found,no verifiable signal found,
Brightest Minds,,US,,50 - 249,50,249,true,true,sales_consulting,,clutch,https://clutch.co/profile/brightest-minds,no verifiable signal found,no verifiable signal found,
Oneresource (Oneresource Virtual Assistants Ltd),,UK,,10 - 49,10,49,true,true,sales_consulting,,clutch,https://clutch.co/profile/oneresource-oneresource-virtual-assistants,no verifiable signal found,no verifiable signal found,
Smogu.Studio,,US,,10 - 49,10,49,true,true,sales_consulting,,clutch,https://clutch.co/profile/smogustudio,no verifiable signal found,no verifiable signal found,
AnswerFront,,US,,10 - 49,10,49,true,true,sales_consulting,,clutch,https://clutch.co/profile/answerfront,no verifiable signal found,no verifiable signal found,
Biznatron,,US,,10 - 49,10,49,true,true,sales_consulting,,clutch,https://clutch.co/profile/biznatron,no verifiable signal found,no verifiable signal found,
HelloSells,,US,,50 - 249,50,249,true,true,sales_consulting,,clutch,https://clutch.co/profile/hellosells,no verifiable signal found,no verifiable signal found,
habitable.co,,UK,,10 - 49,10,49,true,true,sales_consulting,,clutch,https://clutch.co/profile/habitableco,no verifiable signal found,no verifiable signal found,
Leads at Scale,,US,,10 - 49,10,49,true,true,sales_consulting,,clutch,https://clutch.co/profile/leads-scale,no verifiable signal found,no verifiable signal found,
AspireSix,,US,,10 - 49,10,49,true,true,sales_consulting,,clutch,https://clutch.co/profile/aspiresix,no verifiable signal found,no verifiable signal found,
Koala Customer Care,,CA,,50 - 249,50,249,true,true,sales_consulting,,clutch,https://clutch.co/profile/koala-customer-care,no verifiable signal found,no verifiable signal found,
Teqnet Solutions,,AU,,10 - 49,10,49,true,true,sales_consulting,,clutch,https://clutch.co/profile/teqnet-solutions,no verifiable signal found,no verifiable signal found,
Gungho,,UK,,50 - 249,50,249,true,true,sales_consulting,,clutch,https://clutch.co/profile/gungho,no verifiable signal found,no verifiable signal found,
ProphetLogic,,US,,10 - 49,10,49,true,true,sales_consulting,,clutch,https://clutch.co/profile/prophetlogic,no verifiable signal found,no verifiable signal found,
Branxify,,US,,50 - 249,50,249,true,true,sales_consulting,,clutch,https://clutch.co/profile/branxify,no verifiable signal found,no verifiable signal found,
Amazon Consultant,,UK,,50 - 249,50,249,true,true,sales_consulting,,clutch,https://clutch.co/profile/amazon-consultant,no verifiable signal found,no verifiable signal found,
Call Savvys,,US,,50 - 249,50,249,true,true,sales_consulting,,clutch,https://clutch.co/profile/call-savvys,no verifiable signal found,no verifiable signal found,
ProspectRamp,,US,,10 - 49,10,49,true,true,sales_consulting,,clutch,https://clutch.co/profile/prospectramp,no verifiable signal found,no verifiable signal found,
Brandigade,,US,,10 - 49,10,49,true,true,sales_consulting,,clutch,https://clutch.co/profile/brandigade,no verifiable signal found,no verifiable signal found,
VirtuHire US,,US,,10 - 49,10,49,true,true,sales_consulting,,clutch,https://clutch.co/profile/virtuhire-us,no verifiable signal found,no verifiable signal found,
BizzBuzz.AI,,US,,10 - 49,10,49,true,true,sales_consulting,,clutch,https://clutch.co/profile/bizzbuzzai,no verifiable signal found,no verifiable signal found,
WebStax Studio,,US,,10 - 49,10,49,true,true,sales_consulting,,clutch,https://clutch.co/profile/webstax-studio,no verifiable signal found,no verifiable signal found,
SapientPro NYC,,US,,50 - 249,50,249,true,true,sales_consulting,,clutch,https://clutch.co/profile/sapientpro-nyc,no verifiable signal found,no verifiable signal found,
ReveGro,,UK,,10 - 49,10,49,true,true,sales_consulting,,clutch,https://clutch.co/profile/revegro,no verifiable signal found,no verifiable signal found,
VonBridge Solutions,,US,,10 - 49,10,49,true,true,sales_consulting,,clutch,https://clutch.co/profile/vonbridge-solutions,no verifiable signal found,no verifiable signal found,
TechNinja LLC,,US,,10 - 49,10,49,true,true,sales_consulting,,clutch,https://clutch.co/profile/techninja,no verifiable signal found,no verifiable signal found,
@liveconx,,CA,,50 - 249,50,249,true,true,sales_consulting,,clutch,https://clutch.co/profile/liveconx,no verifiable signal found,no verifiable signal found,
GIC BPO LLC,,US,,50 - 249,50,249,true,true,sales_consulting,,clutch,https://clutch.co/profile/gic-bpo,no verifiable signal found,no verifiable signal found,
RemoteReps247,,US,,10 - 49,10,49,true,true,sales_consulting,,clutch,https://clutch.co/profile/remotereps247,no verifiable signal found,no verifiable signal found,
VoiceLogic.com,,CA,,50 - 249,50,249,true,true,sales_consulting,,clutch,https://clutch.co/profile/voicelogiccom,no verifiable signal found,no verifiable signal found,
Numa,,US,,10 - 49,10,49,true,true,sales_consulting,,clutch,https://clutch.co/profile/numa,no verifiable signal found,no verifiable signal found,
Calibrus,,US,,50 - 249,50,249,true,true,sales_consulting,,clutch,https://clutch.co/profile/calibrus,no verifiable signal found,no verifiable signal found,
AppointmentSetter,,CA,,10 - 49,10,49,true,true,sales_consulting,,clutch,https://clutch.co/profile/appointmentsetter,no verifiable signal found,no verifiable signal found,
Lead Generators International®,,CA,,10 - 49,10,49,true,true,sales_consulting,,clutch,https://clutch.co/profile/lead-generators-international,no verifiable signal found,no verifiable signal found,
WC Call Center,,US,,10 - 49,10,49,true,true,sales_consulting,,clutch,https://clutch.co/profile/wc-call-center,no verifiable signal found,no verifiable signal found,
"High Standards Technology, Inc.",,US,,10 - 49,10,49,true,true,sales_consulting,,clutch,https://clutch.co/profile/high-standards-technology,no verifiable signal found,no verifiable signal found,
Zaphyre,,US,,50 - 249,50,249,true,true,sales_consulting,,clutch,https://clutch.co/profile/zaphyre,no verifiable signal found,no verifiable signal found,
Dotcomsourcing,,US,,50 - 249,50,249,true,true,sales_consulting,,clutch,https://clutch.co/profile/dotcomsourcing,no verifiable signal found,no verifiable signal found,
Blue Zebra,,US,,10 - 49,10,49,true,true,sales_consulting,,clutch,https://clutch.co/profile/blue-zebra,no verifiable signal found,no verifiable signal found,
BYG Advantage,,US,,10 - 49,10,49,true,true,sales_consulting,,clutch,https://clutch.co/profile/byg-advantage,no verifiable signal found,no verifiable signal found,
